    
/*
    67 - Дзюнье
    68 - Хие
*/
    
    
/* характеристики */
insert into general
    (ship_id, date_from, date_to, 
     displacement_standart, displacement_full, 
     length, width, draft,
     crew, speed_max, speed_cruise, range)
    values
    (67, '1942-05-03',  null,           24100, 27720,   219.32, 26.7, 8.15,  1224, 25.3,  18, 19700),
    (68, '1942-07-31', '1944-06-20',    24100, 27680,   219.32, 26.7, 8.15,  1187, 25.63, 18, 18800);

    
    
/* модернизации */
insert into ship_event_list
    (class_id, ship_id, date_from, date_to, description)
    values
    (0, 67, '1942-07-13', '1942-07-28', 'Куре, установка радара и 2 директоров тип 94'),
    (1, 67, '1942-08-13', '1942-08-22', 'Куре'),
    (0, 67, '1943-02-22', '1943-03-16', 'Куре, установка радара и 2 директоров тип 95 для 25мм орудий'),
    (0, 67, '1943-07-26', '1943-07-31', 'Куре'),
    (6, 67, '1943-11-01', '1943-11-01', 'Сингапур, прием авиагруппы'),
    (7, 67, '1943-11-05', '1943-11-05', 'торпедирован SS-232 Halibut'),
    (1, 67, '1943-11-19', '1943-11-25', 'Куре'),
    (0, 67, '1943-12-21', '1944-02-29', 'Куре'),
    (0, 67, '1944-07-06', '1944-07-14', 'Куре'),
    (0, 67, '1944-09-11', '1944-09-26', 'Куре'),
    (7, 67, '1944-12-08', '1944-12-09', 'торпедирован SS-400 Sea Devil, SS-390 Plaice и SS-395 Redfish, 2 попадания'),
    (1, 67, '1944-12-18', '1945-01-28', 'Сасебо, после торпедного попадания'),
    
    (1, 68, '1942-10-26', '1942-12-05', 'Трук'),
    (1, 68, '1942-12-11', '1942-12-29', 'Куре'),
    (0, 68, '1943-02-26', '1943-03-04', 'Куре'),
    (0, 68, '1943-06-29', '1943-09-15', 'Йокосука'),
    (6, 68, '1943-11-01', '1943-11-01', 'Сингапур, прием авиагруппы'),
    (6, 68, '1944-05-01', '1944-05-03', 'Куре, прием авиагруппы');
    
    
    
/* ПВО */
insert into ship_guns
    (ship_id, mount_id, amount, date_from, date_to)
    values
    (67, 13,  6, '1942-05-03',  null),
    (67, 45,  8, '1942-05-03', '1943-07-26'),
    (67, 45, 12, '1943-07-31', '1943-12-21'),
    (67, 45, 16, '1944-02-29', '1944-07-06'),
    (67, 43, 12, '1944-02-29', '1944-07-06'),
    (67, 45, 19, '1944-07-14',  null),
    (67, 44,  2, '1944-07-14',  null),
    (67, 43, 30, '1944-07-14',  null),
    (67, 61,  6, '1944-09-26',  null),
    
    (68, 13,  6, '1942-07-31', '1944-06-20'),
    (68, 45,  8, '1942-07-31', '1943-02-26'),
    (68, 45, 12, '1943-03-04', '1943-06-29'),
    (68, 45, 16, '1943-09-15', '1944-06-20'),
    (68, 43, 12, '1943-09-15', '1944-06-20');
    
    
    
/* радары */
insert into ship_searchers
    (ship_id, searcher_id, amount, date_from, date_to)
    values
    (67,  0, 1, '1942-07-28', '1943-02-22'), /* тип 21 мод 2 */
    (67,  0, 2, '1943-03-16',  null),        /* тип 21 мод 2 */
    (67, 26, 1, '1944-02-29',  null),        /* E-27 */ /* неточная дата начала, на картинке от 03.05.1944 он есть */
    (67,  2, 1, '1944-09-26',  null),        /* тип 13 */
    
    (68,  0, 1, '1943-03-04', '1944-06-20'); /* тип 21 мод 2 */
    
    
    
/* прожектора */
insert into ship_searchers
    (ship_id, searcher_id, amount, date_from, date_to)
    values
    (67, 30, 4, '1942-05-03',  null),
    (68, 30, 4, '1942-07-31', '1944-06-20');

    
    
/* авиагруппа */
    /* 2 подъемника */
insert into ship_aircraft
    (ship_id, aircraft_id, amount, amount_reserve, date_from, date_to)
    values
    (67,  0, 18, 0, '1942-05-03', '1942-07-13'), /* A6M2 */
    (67,  9, 15, 0, '1942-05-03', '1942-07-13'), /* D3A1 */

    (67,  0, 21, 3, '1942-07-28', '1942-08-13'), /* A6M2 */
    (67,  8,  9, 2, '1942-07-28', '1942-08-13'), /* B5N2 */
    (67,  9, 12, 0, '1942-07-28', '1942-08-13'), /* D3A1 */

    (67,  0, 21, 3, '1942-08-22', '1942-10-22'), /* A6M2 */
    (67,  8,  9, 2, '1942-08-22', '1942-10-17'), /* B5N2 */
    (67,  8,  6, 2, '1942-10-17', '1942-10-22'), /* B5N2 */
    (67,  9, 18, 0, '1942-08-22', '1942-10-22'), /* D3A1 */
    /* перемещены с Хие */
    (67,  0, 24, 3, '1942-10-22', '1942-10-26'), /* A6M2 */
    (67,  0, 21, 3, '1942-10-26', '1943-11-01'), /* A6M2 */
    (67,  8, 11, 2, '1942-10-22', '1942-10-26'), /* B5N2 */
    (67,  8,  9, 2, '1942-10-26', '1943-11-01'), /* B5N2 */
    (67,  9, 19, 0, '1942-10-22', '1942-10-26'), /* D3A1 */
    (67,  9, 12, 0, '1942-10-26', '1943-11-01'), /* D3A1 */

    (67,  0, 24, 0, '1943-11-01', '1944-02-19'), /* A6M2 */
    (67,  8,  9, 0, '1943-11-01', '1944-02-19'), /* B5N2 */
    (67, 10, 18, 0, '1943-11-01', '1944-02-19'), /* D3A2 */
    /* потери */
    (67,  0, 15, 0, '1944-02-19', '1944-04-01'), /* A6M2 */
    (67,  8,  8, 0, '1944-02-19', '1944-04-01'), /* B5N2 */
    (67, 10, 14, 0, '1944-02-19', '1944-04-01'), /* D3A2 */

    (67,  0, 30, 0, '1944-04-01', '1944-07-06'), /* A6M2 */
    (67,  2, 13, 0, '1944-04-01', '1944-07-06'), /* A6M5 */
    (67, 10,  4, 0, '1944-04-01', '1944-07-06'), /* D3A2 */

    (67,  2, 27, 0, '1944-07-14',  null),        /* A6M5 */
    (67, 38,  6, 0, '1944-07-14',  null),        /* B6N1 */
    (67, 10,  9, 0, '1944-07-14',  null),        /* D3A2 */
    (67, 18,  9, 0, '1944-07-14',  null),        /* D4Y1 */
    
    
    (68,  0, 21, 3, '1942-07-31', '1942-10-22'), /* A6M2 */
    (68,  8,  9, 2, '1942-07-31', '1942-10-17'), /* B5N2 */
    (68,  8,  6, 2, '1942-10-17', '1942-10-22'), /* B5N2 */
    (68,  9, 18, 0, '1942-07-31', '1942-10-22'), /* D3A1 */
    /* перемещены на Дзюнье */
    (68,  0, 18, 3, '1942-10-22', '1943-02-26'), /* A6M2 */
    (68,  8,  1, 2, '1942-10-22', '1943-02-26'), /* B5N2 */
    (68,  9, 17, 0, '1942-10-22', '1943-02-26'), /* D3A1 */

    (68,  0, 27, 3, '1943-03-04', '1943-11-01'), /* A6M2 */
    (68,  8, 12, 2, '1943-03-04', '1943-11-01'), /* B5N2 */
    
    (68,  0, 24, 0, '1943-11-01', '1944-02-19'), /* A6M2 */
    (68,  8,  9, 0, '1943-11-01', '1944-02-19'), /* B5N2 */
    (68, 10, 18, 0, '1943-11-01', '1944-02-19'), /* D3A2 */
    /* потери */
    (68,  0, 15, 0, '1944-02-19', '1944-05-02'), /* A6M2 */
    (68,  8,  8, 0, '1944-02-19', '1944-05-02'), /* B5N2 */
    (68, 10, 14, 0, '1944-02-19', '1944-05-02'), /* D3A2 */

    (68,  0,  9, 0, '1944-05-02', '1944-06-20'), /* A6M2 */
    (68,  2, 18, 0, '1944-05-02', '1944-06-20'), /* A6M5 */
    (68, 38,  9, 0, '1944-05-02', '1944-06-20'), /* B6N1 */
    (68, 10, 18, 0, '1944-05-02', '1944-06-20'); /* D3A2 */

    
