
insert into gun_class
    (id, parent_id, name_ru, name_en)
    values
    ( 0, null,  'пулемет',                          'machine gun'),
    ( 1, null,  'орудие',                           'gun'),
    ( 2, null,  'зенитное орудие',                  'anti aircraft gun'),
    
    ( 3, null,  'торпедный аппарат',                'torpedo tube'),
    (10, 3,     'подводный торпедный аппарат',      'submerged torpedo tube'),
    (11, 3,     'фиксированный торпедный аппарат',  'fixed torpedo tube'),
    ( 5, null,  'бомбомет',                         'depth charge projector'),
    (12, 5,     'бомбосбрасыватель',                'depth charge rack'),
    
    ( 4, null,  'глубинные бомбы',                  'depth charge'),
    ( 6, null,  'мина',                             'mine'),
    ( 7, null,  'НУРС',                             'rocket launcher'),
    
    ( 8, null,  'РЛС',                              'radar'),
    ( 9, null,  'гидролокатор',                     'hydro locator'),
    (13, null,  'прожектор',                        'searchlights'),
    (14, 8,     'авиационный РЛС',                  'aircraft radar');

    
insert into gun_list
    (id, name_ru, name_en, caliber, length, class_id, rate_of_fire, effective_range, mass, build_cnt, in_service)
    values
    (0, 'тип 3',        'type 3',       120, 45, 1, 5.5,    16000,   3240, null,    '1919-01-01'),
    (1, 'тип 3',        'type 3',       127, 50, 1, 7.5,    18400,   4205,  700,    '1928-01-01'),
    (2, 'тип 3',        'type 3',       140, 50, 1, 7.0,    19700,   5650, null,    '1914-01-01'),
    (3, 'тип 41',       'type 41',      152, 50, 1, 6.0,    21000,   8360, null,    '1913-01-01'),
    (4, 'тип 3',        'type 3',       155, 60, 1, 5.0,    27400,  12700,  80,     '1935-01-01'),
    (5, 'тип 3',        'type 3',       200, 50, 1, 4.0,    29000,  17900, 300,     '1924-01-01'),
    (32,'тип 3 No 2',   'type 3 No 2',  203, 50, 1, 4.0,    29400,  18700, 300,     '1931-01-01'),
    (6, 'тип 41',       'type 41',      356, 45, 1, 2.0,    35450,  86000, 100,     '1913-01-01'),
    (7, 'тип 3',        'type 3',       410, 45, 1, 2.5,    30200, 102000,  40,     '1920-01-01'),
    (8, 'тип 94',       'type 94',      460, 45, 1, 1.75,   25000, 147300,  27,     '1940-01-01');


insert into gun_list
    (id, name_ru, name_en, caliber, length, class_id, rate_of_fire, effective_range, mass, build_cnt, in_service)
    values
    ( 9, 'Эрликон',             'Oerlikon',                  20, 70,    2,  285,  3000,     68,   null, '1937-01-01'),
    (10, 'тип 98',              'type 98',                   20, 70,    2,  300,  3500,    373,   2500, '1938-01-01'),
    (11, 'тип 2 (Flak 38)',     'type 2 (Flak 38)',          20, 70,    2,  480,  3700,    550,   null, '1942-01-01'),
    (41, 'тип 99 (авиационная)','type 99 (aviation)',        20, 55,    2,  530,  1000,   23.2,  35000, '1939-01-01'),
    (12, 'тип 96',              'type 96',                   25, 60,    2,  240,  3000,   1100,  33000, '1936-01-01'),
    (13, 'тип 91 (QF 2)',       'type 91 (QF 2 pounder)',    40, 39.37, 2,  200,  4000,    390,    785, '1925-01-01'),
    (34, 'тип 3',               'type 3',                   76.2,40,    2,   13,  5400,   2400,   null, '1897-01-01'),
    (42, 'тип 3',               'type 3',                   76.2,40,    2,   13,  5400,   2400,   null, '1916-01-01'),
    (14, 'тип 11',              'type 11',                  76.2,40,    2, null,  6600,   2000,     44, '1926-01-01'),
    (15, 'тип 88',              'type 88',                  76.2,44,    2,   15,  9000,   2450,   2000, '1932-01-01'),
    (33, 'тип 98',              'type 98',                  76.2,60,    2,   12,  9100,   1320,     28, '1941-01-01'),
    (16, 'тип 4',               'type 4',                    75, 56.4,  2,   10, 10000,   5850,     70, '1943-01-01'),
    (17, 'тип 99',              'type 99',                   88, 45,    2,   15, 10000,   6500,   1000, '1939-01-01'),
    (18, 'тип 14',              'type 14',                  100, 40,    2, null, 10000,   5194,     70, '1929-01-01'),
    (19, 'тип 98',              'type 98',                  100, 65,    2,   21, 11000,   3000,    169, '1938-01-01'),
    (20, 'тип 10',              'type 10',                  120, 45,    2,   11,  9000,   8500,   2000, '1927-01-01'),
    (21, 'тип 3',               'type 3',                   120, 56,    2,   20, 12000,  19800,    150, '1943-01-01'),
    (22, 'тип 89',              'type 89',                  127, 40,    2,   10,  9400,   3100,   1500, '1932-01-01'),
    (23, 'тип 5',               'type 5',                   150, 60,    2,   10, 14000,   9200,      2, '1945-05-01');


/*
 Te калибр < 11мм (Te-4)
 Ho               (12.7мм Ho-103) (20мм Ho-5)
*/
insert into gun_list
    (id, name_ru,           name_en, caliber, length, class_id, rate_of_fire, effective_range, mass, build_cnt, in_service)
    values
    (24, 'тип 92 (тяжелый)',                'type 92 (heavy)',   7.7, 93.6,  0,  475,  800,  55.3,  45000,  '1925-01-01'),
    (43, 'тип RU',                          'type RU',           7.7, 86.6,  0,  600, 1000,  11.8,   null,  '1921-01-01'), /*основной, сменил 6.5мм тип 3 (26)*/
    (38, 'тип 92 (Lewis)',                  'type 92 (Lewis)',   7.7, 80.5,  0,  600,  800,  13.0,   null,  '1932-01-01'), /*основной, сменил 7.7мм тип RU*/
    (25, 'тип 97 (танковый)',               'type 97 (tank)',    7.7, 90.9,  0,  500,  450,  12.4,  18000,  '1937-01-01'),
    (37, 'тип 97 (авиационный, Максим)',    'type 97 (aviation)',7.7, 78,    0,  900,  600,  12.6,   null,  '1937-01-01'),
    (26, 'тип 3',                           'type 3',            6.5, 113.4, 0,  425,  850,  55.0,   null,  '1916-01-01'),
    (27, 'тип 96',                          'type 96',           6.5, 84.6,  0,  550,  800,   9.0,  41000,  '1936-01-01'),
    (28, 'тип 93',                          'type 93',          13.2, 76,    0,  450, 1500,    42,   null,  '1934-01-01'),
    (39, 'тип 2 (авиационный)',             'HO-103 (avaition)',12.7, 63,    0,  983,  null,   23,   null,  '1941-01-01'),
    (40, 'тип 3 (авиационный)',             'type 3 (aviation)',13.2, 68,    0,  800,  900,    28,   null,  '1943-01-01'),
    (29, 'тип 99',                          'type 99',           7.7, 71.4,  0,  800,  800,  10.4,  53000,  '1939-01-01'),
    (30, 'тип 11',                          'type 11',           6.5, 57.5,  0,  500,  800,  10.2,  29000,  '1922-01-01'),
    (31, 'тип 92 (авиационный)',            'type 92 (aviation)',7.7, 86.5,  0,  600,  800,   8.5,   null,  '1932-01-01'),
    (35, 'тип 89 (энергия отдачи)',         'type 89 (fixed)',   7.7, 78,    0,  800,  null, 12.7,   null,   null), /*Ki-27 Ki-43 Ki-44 Ki-30 Ki-51 Ki-32 Te-Ke (type 97)*/
    (36, 'тип 89 (отвод газов)',            'type 89 (flixeble)',7.7, 78,    0, 1400,  null,   28,   null,   null); /*Ki-21 Ki-67 Ki-49 Ki-30 Ki-51 Ki-32 Ki-9*/


/* http://www.navweaps.com/Weapons/WTJAP_PreWWII.php 
   http://www.navweaps.com/Weapons/WTJAP_WWII.php */
insert into torpedo_list
    (id, name_ru,                       name_en,                    caliber, length, speed, range, mass, mass_ex, in_service)
    values
    ( 0, 'тип 6',                       'type 6',                        533,  6840, 37,     7000,  1432,  203, '1917-10-06'), /*подводные лодки RO*/
    ( 1, 'тип 8 No 1',                  'type 8 No 1',                   610,  8415, 43,     6200,  2215,  300, '1920-01-01'), /*эсминцы, легкие крейсера*/
    ( 2, 'тип 90',                      'type 90',                       610,  8550, 46,     7000,  2540,  390, '1933-01-01'), /*Фубуки, тяжелые крейсера*/
    ( 3, 'тип 89',                      'type 89',                       533,  7163, 45,     5500,  1668,  295, '1931-01-01'), /*подводные лодки*/
    ( 4, 'тип 93 кислородная',          'type 93 long lance',            610,  9000, 48,    20000,  2700,  490, '1933-01-01'),
    ( 5, 'тип 95 кислородная',          'type 95',                       533,  9000, 48,     9000,  1665,  405, '1938-01-01'),
    ( 7, 'тип 93 мод 3 кислородная',    'type 93 mod 3',                 610,  9000, 48,    15000,  3000,  780, '1943-01-01'),
    ( 6, 'тип 95 мод 2 кислородная',    'type 95 mod 2',                 533,  9000, 48,     5500,  1730,  550, '1944-01-01'),
    ( 8, 'тип 97 кислородная',          'type 97',                       450,  5600, 44,     3200,   980,  350, '1939-01-01'),
    ( 9, 'Кайтен тип 1',                'Kaiten type 1',                1000, 14750, 30,    39000,  9300, 1550, '1944-08-01'),
    (10, 'Кайтен тип 2',                'Kaiten type 2',                1350, 16500, 40,    40000, 18370, 1500, '1944-09-01'),
    (11, 'Кайтен тип 4',                'Kaiten type 4',                1350, 16500, 20,    38000, 18170, 1800, '1945-01-01'),
    (12, 'Кайтен тип 10',               'Kaiten type 10',                700,  9000,  7,     3500,  3000,  300, '1945-08-01'),
    (13, 'тип 91 мод 1 авиационная',    'type 91 mod 1 aviation',        450,  5270, 42,     2000,   784,  150, '1933-01-01'),
    (14, 'тип 91 мод 2 авиационная',    'type 91 mod 2 aviation',        450,  5486, 42,     2000,   935,  205, '1941-01-01'),
    (15, 'тип 91 мод 3 авиационная',    'type 91 mod 3 aviation',        450,  5486, 42,     2000,   849,  240, '1942-01-01'),
    (16, 'тип 92 мод 1 электрическая',  'type 92 mod 1 electric',        533,  7150, 30,     7000,  1720,  300, '1934-01-01'),
    (17, 'тип 94 мод 1 авиационная',    'type 94 mod 1 aviation',        533,  null, 48,     3000,  null, null,  null),
    (18, 'тип 94 мод 2 авиационная',    'type 94 mod 2 aviation',        450,  5283, 48,     3000,   848,  150,  null),
    (19, 'тип 96 кислородная',          'type 96',                       533,  null, 48,     4500,  1730,  405, '1942-01-01'),
    (20, 'тип 98 кислородная',          'type 98',                       450,  5600, 42,     3200,   950,  350, '1942-01-01'),
    (21, 'тип 2',                       'type 2',                        450,  5600, 39,     3000,   984,  350, '1944-01-01'),
    (22, 'тип 4 марк 2',                'type 4 mark 2',                 450,  5275, 42,     1500,   984,  313, '1945-01-01'),
    (23, 'тип 4 марк 4',                'type 4 mark 4',                 450,  5715, 42,     1500,  1104,  417, '1945-01-01'),
    (24, 'тип 5',                       'type 5',                        280,  3800, 20,     1500,   230,   60,  null),
    
    (25, 'SHU тип 84',                  'SHU 84 Shiki Nen Shiki gyorai', 356,  4496, 23,      400,   280,   20, '1884-01-01'),
    (26, 'SHU тип 88',                  'SHU 88 Shiki Nen Shiki gyorai', 356,  4620, 24,      600,   332,   57, '1888-01-01'),
    (27, 'HO тип 26',                   'HO 26 Shiki',                   356,  4460, 26,      600,   338,   49, '1893-01-01'),
    (28, 'HO тип 30',                   'HO type 30',                    356,  4560, 24,      800,   338,   50, '1897-01-01'),
    (29, 'HO тип 32',                   'HO type 32',                    356,  4560, 15,     2500,   338,   50, '1899-01-01'), /*торпедные катера*/
    (30, 'HO тип 30',                   'HO type 30',                    450,  4950, 27,     1000,   532,  100, '1897-01-01'), /*дредноуты*/
    (31, 'HO тип 32',                   'HO type 32',                    450,  4950, 15,     3000,   541,   90, '1899-01-01'), /*дредноуты*/
    (32, 'тип 37',                      'type 37',                       450,  4950, 28,     1000,   541,   90, '1904-01-01'),
    (33, 'HO тип 38 No 1',              'HO type 38 No 1',               450,  5150, 27,     1100,   617,  100, '1905-01-01'),
    (34, 'HO тип 38 No 2 А',            'HO type 38 No 2 A',             450,  5090, 31,     1100,   614,   95, '1905-01-01'),
    (35, 'HO тип 38 No 2 Б',            'HO type 38 No 2 B',             450,  5090, 40,     1100,   614,   95, '1905-01-01'),
    (36, 'HO тип 42',                   'HO type 42',                    450,  5150, 40,     1000,   660,   95, '1909-01-01'),
    (37, 'HO тип 43',                   'HO type 43',                    450,  5190, 26,     5000,   663,   95, '1910-01-01'),
    (38, 'тип 44 No 1',                 'type 44 No 1',                  450,  5390, 36,     4000,   719,  110, '1911-01-01'),
    (39, 'тип 44 No 2',                 'type 44 No 2',                  450,  5390, 26,     8000,   750,  110, '1911-01-01'),
    (40, 'тип 43',                      'type 43',                       533,  6390, 27,     8000,  1187,  130, '1910-01-01'),
    (41, 'тип 44 No 1',                 'type 44 No 1',                  533,  6700, 35,     7000,  1325,  160, '1911-01-01'),
    (42, 'тип 44 No 2',                 'type 44 No 2',                  533,  6700, 35,     7000,  1293,  160, '1911-01-01'),
    (43, 'тип 8 No 2',                  'type 8 No 2',                   610,  8415, 38,    10000,  2362,  346, '1920-01-01'), /*эсминцы, легкие крейсера*/
    (44, 'тип 91 мод 3 улучшенный',     'type 91 mod 3 improved',        450,  5275, 43,     2000,   849,  240, '1943-01-01'),
    (45, 'тип 91 мод 3 усиленный',      'type 91 mod 3 strong',          450,  5275, 43,     1500,   849,  240, '1944-01-01'),
    (46, 'тип 91 мод 4',                'type 91 mod 4',                 450,  5275, 43,     1500,   921,  308, '1944-01-01'),
    (47, 'тип 91 мод 7',                'type 91 mod 7',                 450,  5715, 43,     1500,  1052,  420, '1944-01-01');



/* http://michaelhiske.de/Allierte/USA/OrdnancePamphlets/OP1507/Chapter01/Section03.htm */
insert into mine_list
    (id, name_ru,                       name_en,              class_id, size,  mass, mass_ex, in_service)
    values 
    (0,  'тип 98 противодесантная',     'JE antiboat',              6,   510,   48.3,    21,  null),
    (1,  'JG противодесантная',         'JG antiboat',              6,   360,     27,    10,  null),
    (2,  'тип 88',                      'type 88 JA',               6,   861,    960,   180,  null),
    (3,  'тип 93',                      'type 93 JB',               6,   863,    700,   100,  null),
    (4,  'тип 3 сбрасываемая',          'type 3 aircraft',          6,  null,    640,    80,  null),
    (5,  'марк 5',                      'mark 5 JC',                6,   830,    206,    80,  null),
    (6,  'марк 2',                      'mark 2 JD',                6,   203,    15.5,    6,  null),
    (7,  'тип 94',                      'type 94 JF',               6,   721,    263,    86,  null),
    (8,  'марк 6',                      'mark 6 JH',                6,  1051,    453,   217,  null),
    (9,  'К-2',                         'K-2 JI',                   6,  1004,    136,    56,  null),
    (10, 'марк 10',                     'mark 10 JJ',               6,   610,    272,   109,  null),
    (11, 'тип 96 противолодочная',      'type 96 grapefruit',       6,   510,    113,    60,  null),
    (12, 'авокадо',                     'avocado',                  6,   825,    204,    77,  null),
    (13, 'банан',                       'banana',                   6,   851,   null,   125,  null),
    (14, 'тип 3 для подводных лодок',   'type 3 pear',              6,   902,    408,   200,  null),
    (15, 'тип 92',                      'type 92 quince',           6,  1242,    748,   499,  null);

/* http://michaelhiske.de/Allierte/USA/OrdnancePamphlets/OP1507/Chapter02/Section02.htm */
insert into mine_list
    (id, name_ru,                       name_en,              class_id, size,  mass, mass_ex, in_service)
    values 
    (16, 'тип 95',                      'type 95',                  4,   451,    160,   100,  '1940-01-01'),
    (17, 'тип 95 мод 1',                'type 95 mod 1',            4,   451,    215,   147,  null),
    (18, 'тип 95 мод 2',                'type 95 mod 2',            4,   451,    170,   110,  null),
    (19, 'тип 88',                      'type 88',                  4,   452,    237,   148,  '1930-01-01'),
    (20, 'тип 91',                      'type 91',                  4,   452,    160,   100,  '1935-01-01'),
    (21, 'тип 93',                      'type 93',                  4,  null,    200,   null, null),
    (22, 'тип 96',                      'type 96',                  4,  null,    170,   110,  null),
    (23, 'тип 2',                       'type 2',                   4,   446,    222,   162,  '1943-01-01'), /*Кагеро*/
    (24, 'тип 2 мод 2',                 'type 2 mod 2',             4,   446,    160,   100,  null);


insert into throwers
    (id, name_ru,           name_en, class_id, caliber, tubes_count, in_service)
    values
    ( 0, 'тип 94',                  'type 94',          5, null, 2, '1934-01-01'), 
    ( 1, 'тип 81',                  'type 81',          5, null, 2,  null),
    ( 2,  null,                      null,             12, null, 1,  null);


insert into torpedo_tubes
    (id, name_ru,           name_en, class_id, caliber, tubes_count, in_service)
    values
    ( 0, 'тип 44',                  'type 44',          3,  450, 2,  null), /*Исокадзе (1916)*/
    (24, 'тип 43',                  'type 44',          3,  533, 2,  null), /* название точно не известно */ /*Конго*/
    ( 1, 'тип 6',                   'type 6',           3,  533, 2, '1917-01-01'), /*Кума
                                                                                     Катори
                                                                                     Кавакадзе
                                                                                     Минекадзе
                                                                                     Моми
                                                                                     Вакатаке
                                                                                     Тидори*/
    ( 2, 'тип 6',                   'type 6',           3,  533, 3, '1917-01-01'), /*Тенрю*/
    ( 3, 'тип 10',                  'type 10',          3,  533, 2, '1921-01-01'), /*Камикадзе*/
    ( 4, 'тип 94',                  'type 94',          3,  533, 3,  null), /*Отори*/
    ( 5, 'тип 93',                  'type 93',          3,  533, 2, '1933-01-01'),
    ( 6, 'тип 8',                   'type 8',           3,  610, 2, '1918-01-01'), /*Нагара Сендай Юбари*/
    ( 7, 'тип 12',                  'type 12',          3,  610, 2, '1923-01-01'),
    ( 8, 'тип 89',                  'type 89',          3,  610, 2, '1929-01-01'), /*Такао*/
    ( 9, 'тип 12',                  'type 12',          3,  610, 3, '1923-01-01'), /*Муцуки Фубуки*/
    (10, 'тип 90 мод 1',            'type 90 mod 1',    3,  610, 3, '1930-01-01'), /*Могами Тоне*/
    (11, 'тип 90 мод 2',            'type 90 mod 2',    3,  610, 3, '1930-01-01'), /*Хацухару */
    (12, 'тип 92 мод 1',            'type 92 mod 1',    3,  610, 4, '1934-01-01'), /*Меко x2 [36 39] x4 [41 44] x2 44
                                                                                     Аоба x2 15.11.40
                                                                                     Фурутака [
                                                                                     Такао (кроме Текай) [
                                                                                     Исудзу [
                                                                                     Дзинцу [
                                                                                     Нака [
                                                                                     Агано*/
    (13, 'тип 92 мод 2',            'type 92 mod 2',    3,  610, 4, '1934-01-01'), /*Сирацую
                                                                                     Асасио
                                                                                     Кагеро
                                                                                     Югумо*/
    (14, 'тип 92 мод 3',            'type 92 mod 3',    3,  610, 4, '1940-01-01'), /*Китаками [  Ои [ */
    (15, 'тип 92 мод 4',            'type 92 mod 4',    3,  610, 4, '1940-01-01'), /*Акидзуки Мацу*/
    (16, 'тип 0',                   'type 0',           3,  610, 5, '1940-01-01'), /*Симакадзе*/
    
    (23, 'тип 44 (подводный)',      'type 44',         10,  533, 1,  null), /* название точно не известно */ /*Конго Икома*/
    (17, 'тип 10 (подводный)',      'type 10',         10,  533, 1, '1921-01-01'), /*RO-57 RO-60 I-51 */
    (18, 'тип 15 (подводный)',      'type 15',         10,  533, 1,  null), /*I-152 I-61 I-1*/
    (19, 'тип 88 (подводный)',      'type 88',         10,  533, 1,  null), /*RO-33 I-165 I-168 I-7 I-9*/
    (20, 'тип 95 (подводный)',      'type 95',         10,  533, 1,  null),
    
    (21, 'тип 12 (фиксированный)',  'type 12',         11,  610, 3,  null), /*Меко x4 [32 34]*/
    (22, 'тип 12 (фиксированный)',  'type 12',         11,  610, 2,  null); /*Аоба x6 [20.09.27 38] Фурутака*/


