    
/*
    54 - Тоне
    55 - Тикума
*/
    
    
/* характеристики */
insert into general
    (ship_id, date_from, date_to, 
     displacement_standart, displacement_full, 
     length, width, draft,
     crew, speed_max, speed_cruise, range)
    values
    (54, '1938-11-20', '1945-07-24',    11210, 15200,   201.6, 19.42, 6.5,  945, 35.55, 18, 14260),
    (55, '1939-05-20', '1944-10-25',    11210, 15200,   201.6, 19.42, 6.5,  945, 35.44, 18, 12870);
    
 
    
/* модернизации */
insert into ship_event_list
    (class_id, ship_id, date_from, date_to, description)
    values
    (0, 54, '1941-12-29', '1942-01-10', 'Куре'),
    (0, 54, '1942-08-07', '1942-08-16', 'Куре'),
    (0, 54, '1943-02-21', '1943-03-16', 'Майдзуру, модернизация ПВО и радаров'),
    (0, 54, '1943-11-06', '1943-12-14', 'Куре, модернизация ПВО'),
    (0, 54, '1944-06-26', '1944-07-08', 'Куре, модернизация ПВО и радаров'),
    (0, 54, '1944-11-17', '1945-02-18', 'Майдзуру, модернизация ПВО'),
    
    (0, 55, '1941-12-29', '1942-01-10', 'Куре'),
    (0, 55, '1942-08-07', '1942-08-16', 'Куре'),
    (0, 55, '1942-11-11', '1943-02-27', 'Майдзуру, модернизация ПВО и радаров'),
    (0, 55, '1943-12-12', '1944-02-01', 'Куре, модернизация ПВО'),
    (0, 55, '1944-06-26', '1944-07-08', 'Куре, модернизация ПВО и радаров');
    
    

/* орудия ГК */
insert into ship_guns
    (ship_id, mount_id, amount, date_from, date_to)
    values
    (54, 32, 4, '1938-11-20', '1945-07-24'),
    (55, 32, 4, '1939-05-20', '1944-10-25');

 
    
/* ПВО */
insert into ship_guns
    (ship_id, mount_id, amount, date_from, date_to)
    values
    (54, 12,  4, '1938-11-20', '1945-07-24'),
    (54, 44,  6, '1938-11-20', '1943-02-21'),
    (54, 44,  8, '1943-03-16', '1943-11-06'),
    (54, 45,  4, '1943-12-14', '1944-06-26'),
    (54, 44,  4, '1943-12-14', '1945-07-24'),
    (54, 45,  8, '1944-07-08', '1944-11-17'),
    (54, 43, 25, '1944-07-08', '1944-11-17'),
    (54, 45, 12, '1945-02-18', '1945-07-24'),
    (54, 43, 18, '1945-02-18', '1945-07-24'),
    
    (55, 12,  4, '1939-05-20', '1944-10-25'),
    (55, 44,  6, '1939-05-20', '1942-11-11'),
    (55, 44,  8, '1943-02-27', '1943-12-12'),
    (55, 45,  4, '1944-02-01', '1944-06-26'),
    (55, 44,  4, '1944-02-01', '1944-10-25'),
    (55, 45,  8, '1944-07-08', '1944-10-25'),
    (55, 43, 23, '1944-07-08', '1944-10-25');
    
    
    
/* торпедные аппараты */
insert into ship_torpedo_tubes
    (ship_id, tube_id, amount, date_from, date_to)
    values
    (54, 10, 4, '1938-11-20', '1945-07-24'),
    (55, 10, 4, '1939-05-20', '1944-10-25');
    
 
    
/* радары */
insert into ship_searchers
    (ship_id, searcher_id, amount, date_from, date_to)
    values
    (54, 0, 1, '1943-03-16', '1944-11-17'), /* тип 21 мод 2 */
    (54, 1, 2, '1944-07-08', '1944-11-17'), /* тип 22 мод 4 */
    (54, 1, 3, '1945-02-18', '1945-07-24'), /* тип 22 мод 4 */
    (54, 2, 1, '1944-07-08', '1945-07-24'), /* тип 13 */
    
    (55, 0, 1, '1943-02-27', '1944-10-25'), /* тип 21 мод 2 */
    (55, 1, 1, '1944-07-08', '1944-10-25'), /* тип 22 мод 4 */
    (55, 2, 1, '1944-07-08', '1944-10-25'); /* тип 13 */
    
 
    
/* прожектора */
insert into ship_searchers
    (ship_id, searcher_id, amount, date_from, date_to)
    values
    (54, 30, 3, '1938-11-20', '1945-07-24'),
    (54, 33, 2, '1938-11-20', '1945-07-24'),
    
    (55, 30, 3, '1939-05-20', '1944-10-25'),
    (55, 33, 2, '1939-05-20', '1944-10-25');
    
    
    
/* катапульты */
insert into ship_catapult
    (ship_id, catapult_id, amount, date_from, date_to)
    values
    (54, 10, 2, '1938-11-20', '1945-07-24'),
    (55, 10, 2, '1939-05-20', '1944-10-25');
    
    
    
/* авиагруппа */
    /* слишком раплывчатые данные */
insert into ship_aircraft
    (ship_id, aircraft_id, amount, date_from, date_to)
    values
    (54, 30, 3, '1938-11-20', '1941-11-26'), /* E7K1 */
    (54, 30, 1, '1941-11-26', '1942-08-07'), /* E7K1 */
    (54, 33, 2, '1938-11-20', '1942-06-04'), /* E8N2 */
    (54, 33, 1, '1942-06-04', '1942-08-07'), /* E8N2 */
    (54, 37, 2, '1942-08-16', '1945-07-24'), /* F1M  */
    (54, 11, 3, '1941-11-26', '1941-12-07'), /* E13A */
    (54, 11, 2, '1941-12-07', '1941-12-29'), /* E13A */
    (54, 11, 3, '1942-01-10', '1945-07-24'), /* E13A */
    
    (55, 33, 2, '1939-05-20', '1942-08-07'), /* E8N2 */
    (55, 37, 2, '1942-08-16', '1944-10-25'), /* F1M  */
    (55, 30, 3, '1939-05-20', '1941-11-26'), /* E7K1 */
    (55, 11, 3, '1941-11-26', '1942-06-04'), /* E13A */
    (55, 11, 2, '1942-06-04', '1942-08-07'), /* E13A */ 
    (55, 11, 3, '1942-08-16', '1942-10-26'), /* E13A */ 
    (55, 11, 2, '1942-10-26', '1942-11-07'), /* E13A */ 
    (55, 11, 3, '1943-02-27', '1944-10-25'); /* E13A */ 
    
    
