
/*
    25 - Сендай
    26 - Дзинцу
    27 - Нака  
*/


/* характеристики */
insert into general
    (ship_id, date_from, date_to, 
     displacement_standart, displacement_full, 
     length, width, draft,
     crew, speed_max, speed_cruise, range)
    values
    (25, '1924-04-29', '1935-10-26',    5595, 7180,     163.0, 14.7, 5.2,   440, 35.15, 10, 12500),
    (25, '1936-03-31', '1943-11-02',    5650, 7240,     163.0, 14.7, 5.3,   510, 35.15, 10, 12500),

    (26, '1925-07-31', '1938-12-15',    5595, 7180,     163.0, 14.7, 5.2,   440, 35.35, 10, 12500),
    (26, '1939-11-15', '1943-07-13',    5650, 7240,     163.0, 14.7, 5.3,   510, 35.35, 10, 12500),
    
    (27, '1925-11-30', '1935-10-01',    5595, 7180,     163.0, 14.7, 5.2,   440, 35.25, 10, 12500),
    (27, '1935-10-30', '1944-02-18',    5650, 7240,     163.0, 14.7, 5.35,  510, 35.25, 10, 12500);

    
    
/* модернизации */
insert into ship_event_list
    (class_id, ship_id, date_from, date_to, description)
    values
    (0, 25, '1933-06-13', '1934-01-25', 'Сасебо'),
    (0, 25, '1934-11-15', '1935-08-28', 'Майдзуру'),
    (7, 25, '1935-09-26', '1935-09-26', 'инцидент с 4 флотом'),
    (0, 25, '1935-10-26', '1936-03-31', 'Майдзуру, после повреждений во время тайфуна'), /* неточная дата окончания */
    (6, 25, '1937-11-22', '1937-12-01', 'Сасебо, пополнени запасов'),
    (6, 25, '1938-12-15', '1939-03-10', 'Сасебо'),
    (1, 25, '1942-04-22', '1942-05-16', 'Сасебо'),
    (1, 25, '1942-06-14', '1942-06-26', 'Куре'), /* неточная дата окончания */
    (1, 25, '1942-12-28', '1943-01-03', 'Акаси'),
    (1, 25, '1943-04-12', '1943-04-19', 'Трук'),
    (0, 25, '1943-05-05', '1943-06-25', 'Сасебо'),
    
    (7, 26, '1927-08-24', '1927-08-24', 'префектура Симане, столкновение с эсминецем Вараби'),
    (1, 26, '1927-09-05', '1928-03-01', 'Куре, ремонт после столкновения'),
    (0, 26, '1931-11-05', '1932-01-20', 'Куре'),
    (0, 26, '1933-11-27', '1934-07-15', 'Куре'),
    (0, 26, '1938-12-15', '1939-11-15', 'Куре'),
    (0, 26, '1941-03-01', '1941-05-31', 'Куре'), /* неточные даты */
    (1, 26, '1942-03-23', '1942-04-19', 'Куре'),
    (0, 26, '1942-11-10', '1943-01-09', 'Куре'), /* по некоторым данным 140мм орудие No 5 заменили на спаренную 127мм тип 89 мод A1 */

    (7, 27, '1927-08-22', '1927-08-22', 'префектура Симане, столкновение с эсминцем Аси'),
    (1, 27, '1927-08-25', '1927-10-30', 'Майдзуру, ремонт после столкновения'),
    (0, 27, '1933-04-16', '1934-01-31', 'Куре'),
    (0, 27, '1935-10-01', '1935-10-30', 'Куре'),
    (0, 27, '1941-01-01', '1941-06-30', ''), /* неточные даты */
    (1, 27, '1942-04-29', '1942-06-02', 'Кеппель Харбор, ремонт после торпедного попадания'), /* по другим данным в Сингапуре */
    (0, 27, '1942-06-21', '1943-04-05', 'Майдзуру'); /* по другим данным в Йокосуке */
    
    
    
/* орудия ГК */
insert into ship_guns
    (ship_id, mount_id, amount, date_from, date_to)
    values
    (25, 18, 7, '1924-04-29', '1943-11-02'),
    
    (26, 18, 7, '1925-07-31', '1943-07-13'),
    
    (27, 18, 7, '1925-11-30', '1942-06-21'),
    (27, 18, 6, '1943-04-05', '1944-02-18');

 
    
/* ПВО */
insert into ship_guns
    (ship_id, mount_id, amount, date_from, date_to)
    values
    (25, 55,  2, '1924-04-29', '1933-06-13'),
    (25, 50,  2, '1924-04-29', '1933-06-13'),
    (25, 49,  2, '1934-01-25', '1943-05-05'),
    (25, 53,  1, '1934-01-25', '1943-11-02'),
    (25, 52,  2, '1934-01-25', '1935-10-26'),
    (25, 44,  2, '1936-03-31', '1943-11-02'),
    (25, 45,  2, '1943-06-25', '1943-11-02'),

    (26, 55,  2, '1925-07-31', '1933-11-27'),
    (26, 50,  2, '1925-07-31', '1933-11-27'),
    (26, 49,  2, '1934-07-15', '1943-07-13'),
    (26, 53,  1, '1934-07-15', '1942-11-10'),
    (26, 52,  2, '1934-07-15', '1938-12-15'),
    (26, 52,  2, '1943-01-09', '1943-07-13'),
    (26, 44,  2, '1939-11-15', '1943-07-13'),
    (26, 45,  2, '1943-01-09', '1943-07-13'),

    (27, 55,  2, '1925-11-30', '1933-04-16'),
    (27, 50,  2, '1925-11-30', '1933-04-16'),
    (27, 49,  2, '1934-01-31', '1942-06-21'),
    (27, 53,  1, '1934-01-31', '1942-06-21'),
    (27, 52,  2, '1934-01-31', '1935-10-01'),
    (27, 52,  2, '1943-04-05', '1944-02-18'),
    (27, 44,  2, '1935-10-30', '1944-02-18'),
    (27, 45,  2, '1943-04-05', '1944-02-18'),
    (27, 12,  1, '1943-04-05', '1944-02-18');
    
    
    
/* торпедные аппараты */
insert into ship_torpedo_tubes
    (ship_id, tube_id, amount, date_from, date_to)
    values
    (25,  6, 4, '1924-04-29', '1943-11-02'),

    (26,  6, 4, '1925-07-31', '1941-03-01'),
    (26, 12, 2, '1941-05-31', '1943-07-13'),

    (27,  6, 4, '1925-11-30', '1941-01-01'), /* неточная дата окончания */
    (27, 12, 2, '1941-06-30', '1944-02-18'); /* неточная дата начала, 22.04.42 уже было */
        
        
        
/* бомбосбрасыватели */
insert into ship_throwers
    (ship_id, throwers_id, amount, date_from, date_to)
    values
    (25, 2, 2, '1924-04-29', '1943-11-02'),
    (26, 2, 2, '1925-07-31', '1943-07-13'),
    (27, 2, 2, '1925-11-30', '1944-02-18');



/* радары */
insert into ship_searchers
    (ship_id, searcher_id, amount, date_from, date_to)
    values
    (25, 0, 1, '1943-06-25', '1943-11-02'), /* тип 21 мод 2 */
    (27, 0, 1, '1943-04-05', '1944-02-18'); /* тип 21 мод 2 */

 
    
/* прожектора */
insert into ship_searchers
    (ship_id, searcher_id, amount, date_from, date_to)
    values
    (25, 36, 3, '1924-04-29', '1934-11-15'),
    (25, 30, 3, '1935-08-28', '1943-11-02'),

    (26, 36, 3, '1925-07-31', '1938-12-15'),
    (26, 30, 3, '1939-11-15', '1943-07-13'),

    (27, 36, 3, '1925-11-30', '1935-10-01'),
    (27, 30, 3, '1935-10-30', '1944-02-18');
    
    
    
/* катапульты */
insert into ship_catapult
    (ship_id, catapult_id, amount, date_from, date_to)
    values
    (25,  2, 1, '1924-04-29', '1933-06-13'),
    (25,  8, 1, '1934-01-25', '1943-11-02'),

    (26,  2, 1, '1925-07-31', '1931-11-05'),
    (26,  7, 1, '1932-01-20', '1933-11-27'),
    (26,  8, 1, '1934-07-15', '1943-07-13'),

    (27,  2, 1, '1925-11-30', '1933-04-16'),
    (27,  8, 1, '1934-01-31', '1944-02-18');
    
    
    
/* авиагруппа */
insert into ship_aircraft
    (ship_id, aircraft_id, amount, date_from, date_to)
    values
    (25,  41, 1, '1934-01-25', '1935-10-26'), /* E4N2 */
    (25,  30, 1, '1936-03-31', '1943-11-02'), /* E7K1 */

    (26, 143, 1, '1932-01-20', '1933-11-27'), /* E3A1 */
    (26,  41, 1, '1934-07-15', '1938-12-15'), /* E4N2 */
    (26,  31, 1, '1939-11-15', '1943-07-13'), /* E7K2 */

    (27,  41, 1, '1934-01-30', '1935-10-01'), /* E4N2 */
    (27,  32, 1, '1935-10-30', '1944-02-18'); /* E8N1 */

    
