
/*
    4 - Фусо
    5 - Ямасиро 
*/


/* характеристики */
insert into general
    (ship_id, date_from, date_to, 
     displacement_standart, displacement_full, 
     length, width, draft,
     crew, speed_max, speed_cruise, range)
    values
    (4, '1915-11-18', '1930-04-19',     30600, 35900,   205.1,  28.65, 8.7,     1193, 23.1, 14, 12800),
    (4, '1933-05-12', '1944-10-25',     34700, 39154,   212.8,  33.1,  9.7,     1396, 23.1, 16, 17700),
    
    (5, '1917-03-31', '1935-01-01',     30600, 35100,   205.1,  28.65, 8.62,    1193, 23.2, 14, 12800),
    (5, '1935-01-01', '1944-10-25',     34700, 39154,   212.75, 33.1,  9.7,     1396, 23.2, 16, 17700);



/* модернизации */
insert into ship_event_list
    (class_id, ship_id, date_from, date_to, description)
    values
    (0, 4, '1918-03-01', '1918-03-31', 'Куре, замена орудий ПВО'), /* неточные даты */
    (1, 4, '1918-12-01', '1918-12-31', 'Куре'), /* неточные даты */
    (0, 4, '1922-12-20', '1923-03-31', 'Куре'),
    (0, 4, '1924-12-01', '1925-02-22', 'Йокосука, установка платформы'),
    (0, 4, '1926-12-01', '1926-12-31', 'Куре, усиление ПВО'), /* неточные даты */
    (0, 4, '1930-04-19', '1933-05-12', 'Йокосука и Куре, первая модернизация'), /* по другим данным в Сасебо */
    (0, 4, '1937-02-26', '1938-03-31', 'Куре'),
    (0, 4, '1939-12-15', '1939-12-31', 'Куре'), /* неточная даты окончания */
    (0, 4, '1941-10-16', '1941-10-24', 'Куре'),
    (1, 4, '1942-02-21', '1942-02-25', 'Куре, замена орудий ГК'),
    (1, 4, '1942-09-04', '1942-09-09', 'Куре'),
    (0, 4, '1943-07-18', '1943-07-24', 'Куре, модернизация ПВО и радаров'),
    (1, 4, '1944-04-13', '1944-04-25', 'Салетар'),
    (0, 4, '1944-08-02', '1944-08-14', 'Куре, модернизация ПВО и радаров'),
    
    (0, 5, '1918-03-03', '1918-03-31', 'Сасебо'), /* неточная дата окончания */ /* количество прожекторов сокращено до 10 */
    (1, 5, '1920-12-21', '1921-10-13', 'Куре'),
    (0, 5, '1923-06-01', '1923-09-01', 'Куре'), /* неточные даты */
    (1, 5, '1924-05-07', '1924-06-05', 'Йокосука'),
    (1, 5, '1924-11-07', '1924-12-13', 'Йокосука'),
    (0, 5, '1927-02-01', '1927-06-09', 'Йокосука'),
    (1, 5, '1928-02-02', '1928-02-25', 'Йокосука'),
    (1, 5, '1928-05-30', '1928-10-29', 'Йокосука'),
    (0, 5, '1929-01-15', '1929-02-25', 'Йокосука'),
    (0, 5, '1929-05-16', '1929-05-30', 'Йокосука'),
    (1, 5, '1929-12-05', '1930-01-29', 'Йокосука'),
    (1, 5, '1930-04-20', '1930-05-30', 'Йокосука'),
    (0, 5, '1930-12-18', '1935-02-03', 'Йокосука, первая модернизация'),
    (1, 5, '1935-06-05', '1935-07-20', 'Йокосука, замена прожекторов и рельс для самолетов'),
    (0, 5, '1936-07-17', '1936-08-04', 'Йокосука, замена плавсредств'),
    (0, 5, '1937-06-27', '1938-03-31', 'Йокосука'),
    (0, 5, '1939-01-01', '1939-06-01', 'Йокосука, замена катапульты'), /* неточные даты */
    (3, 5, '1941-03-01', '1941-05-31', 'Йокосука, испытания радиоуправляемых E7K2'), /* неточные даты */
    (6, 5, '1941-11-01', '1941-11-03', 'Йокосука'),
    (1, 5, '1942-02-26', '1942-03-03', 'Куре'),
    (1, 5, '1942-08-29', '1942-09-04', 'Куре'),
    (0, 5, '1943-08-28', '1943-08-31', 'Куре, установка радара'), /* неточная дата окончания */
    (1, 5, '1943-10-08', '1943-10-12', 'Куре'),
    (0, 5, '1944-05-12', '1944-05-24', 'Йокосука, установка радара'),
    (0, 5, '1944-07-20', '1944-08-10', 'Йокосука');
 
    

/* 356мм орудия */
insert into ship_guns
    (ship_id, mount_id, amount, date_from, date_to)
    values
    (4, 33, 6, '1915-11-18', '1922-12-20'),
    (4, 35, 6, '1923-03-31', '1930-04-19'),
    (4, 37, 6, '1933-05-12', '1944-10-25'),
    
    (5, 33, 6, '1917-03-31', '1923-06-01'),
    (5, 35, 6, '1923-09-01', '1930-12-18'),
    (5, 37, 6, '1935-02-03', '1944-10-25');
 
    

/* 152мм орудия */
insert into ship_guns
    (ship_id, mount_id, amount, date_from, date_to)
    values
    (4, 22, 16, '1915-11-18', '1930-04-19'),
    (4, 23, 14, '1933-05-12', '1944-10-25'),
    
    (5, 22, 16, '1917-03-31', '1930-12-18'),
    (5, 23, 14, '1935-02-03', '1944-10-25');
    
    
    
/* ПВО */
insert into ship_guns
    (ship_id, mount_id, amount, date_from, date_to)
    values
    (4, 42,  4, '1915-11-18', '1918-03-01'),
    (4, 55,  4, '1918-03-31', '1926-12-01'),
    (4, 55,  6, '1926-12-31', '1930-04-19'),
    (4, 50,  4, '1915-11-18', '1930-04-19'),
    
    (4, 12,  4, '1933-05-12', '1944-10-25'),
    (4, 53,  4, '1933-05-12', '1937-02-26'),
    (4, 62,  2, '1933-05-12', '1937-02-26'),
    (4, 44,  8, '1938-03-31', '1943-07-18'),
    
    (4, 44, 10, '1943-07-24', '1944-08-02'),
    (4, 43, 17, '1943-07-24', '1944-08-02'),
    
    (4, 44, 16, '1944-08-14', '1944-10-25'),
    (4, 43, 34, '1944-08-14', '1944-10-25'),
    (4, 45,  8, '1944-08-14', '1944-10-25'),
    (4, 51, 10, '1944-08-14', '1944-10-25'),

    
    (5, 55,  4, '1917-03-31', '1918-03-03'),
    (5, 50,  3, '1917-03-31', '1929-05-16'),
    (5, 62,  3, '1929-05-30', '1930-12-18'),
    (5, 55,  8, '1918-03-31', '1927-02-01'),
    (5, 55, 12, '1927-06-09', '1930-12-18'),
    
    (5, 12,  4, '1935-02-03', '1944-10-25'),
    (5, 48,  2, '1935-02-03', '1937-06-27'),
    (5, 44,  5, '1938-03-31', '1943-08-28'),
    
    (5, 44,  8, '1943-08-31', '1944-07-20'),
    (5, 43, 10, '1943-08-31', '1944-07-20'),
    (5, 52,  3, '1943-08-31', '1944-10-25'),
    
    (5, 45,  8, '1944-08-10', '1944-10-25'),
    (5, 44, 17, '1944-08-10', '1944-10-25'),
    (5, 43, 34, '1944-08-10', '1944-10-25'),
    (5, 51, 10, '1944-08-10', '1944-10-25');
    

    
/* торпедные аппараты */
insert into ship_torpedo_tubes
    (ship_id, tube_id, amount, date_from, date_to)
    values
    (4, 23, 6, '1915-11-18', '1930-04-19'),
    (5, 23, 6, '1917-03-31', '1930-12-18');
    
    
    
/*
    Фусо с 1933-05-12
        директор ГК тип 13
        гидрофон тип 91
        
    Фусо, Ямасиро с 1938-03-31
        4* директор тип 95 (для  25мм тип 96)
        2* директор тип 94 (для 127мм тип 89)
        
    Фусо с 1939-12-31
        катушка замедления тип 98 для орудий ГК
        кран 4т для подъема E8K
        
    Ямасиро с 1944-08-10
        гидрофон тип 0
*/



/* радары */
insert into ship_searchers
    (ship_id, searcher_id, amount, date_from, date_to)
    values
    (4, 0, 1, '1943-07-24', '1944-10-25'), /* тип 21 мод 2 */
    (4, 1, 2, '1944-08-14', '1944-10-25'), /* тип 22 мод 4 */
    (4, 2, 2, '1944-08-14', '1944-10-25'), /* тип 13 */
    /* с 1944-08-14 E27 радар детектор */

    (5, 0, 1, '1943-08-28', '1944-10-25'), /* тип 21 мод 2 */
    (5, 1, 2, '1944-05-24', '1944-10-25'), /* тип 22 мод 4 */
    (5, 2, 2, '1944-08-10', '1944-10-25'); /* тип 13 */



/* прожектора */
insert into ship_searchers
    (ship_id, searcher_id, amount, date_from, date_to)
    values
    (4, 37, 2, '1915-11-18', '1944-10-25'),
    (4, 36, 6, '1915-11-18', '1930-04-19'),
    (4, 30, 6, '1933-05-12', '1944-10-25'),

    (5, 37, 2, '1917-03-31', '1944-10-25'),
    (5, 36, 6, '1917-03-31', '1930-12-18'),
    (5, 30, 6, '1935-02-03', '1944-10-25');

    

/* катапульты */
insert into ship_catapult
    (ship_id, catapult_id, amount, date_from, date_to)
    values
    (4,  0, 1, '1925-02-22', '1926-12-01'), /* неточная дата конца, но 03.02.1928 ее не было */
    (4,  9, 1, '1933-05-12', '1939-12-15'),
    (4, 10, 1, '1939-12-31', '1944-10-25'),
    
    (5,  0, 1, '1921-10-13', '1929-01-15'),
    (5,  0, 1, '1929-02-25', '1930-12-18'), 
    (5,  8, 1, '1935-02-03', '1939-01-01'),
    (5, 10, 1, '1939-06-01', '1944-10-25');



/* авиагруппа */
insert into ship_aircraft
    (ship_id, aircraft_id, amount, date_from, date_to)
    values
    (4, 41, 3, '1933-05-12', '1939-12-15'), /* E4N2 */
    (4, 33, 2, '1941-10-24', '1943-07-18'), /* E8N2 */
    (4, 37, 2, '1943-07-24', '1944-10-25'), /* F1M2 */

    (5, 72, 1, '1929-02-25', '1930-12-18'), /* E1Y2 */
    (5, 41, 3, '1935-02-03', '1937-06-27'), /* E4N2 */
    (5, 32, 3, '1938-03-31', '1941-03-01'), /* E8N1 */
    (5, 31, 2, '1941-03-01', '1941-05-31'), /* E7K2 */
    (5, 32, 3, '1941-05-31', '1941-11-01'), /* E8N1 */
    (5, 33, 2, '1941-11-03', '1942-08-29'), /* E8N2 */
    (5, 37, 2, '1942-09-04', '1944-10-25'); /* F1M2 */

    
