
/*
    195 - Асасио   | Asashio   | 1937-08-31   | 1943-03-04 | авиацией, море Бисмарка
    196 - Осио     | Oshio     | 1937-10-31   | 1943-02-20 | торпедирован SS-218 Albacore, 00°50' ю.ш. 146°06' в.д.
    197 - Митисио  | Michishio | 1937-10-31   | 1944-10-25 | залив Лейте, Суригао
    198 - Арасио   | Arashio   | 1937-12-30   | 1943-03-04 | авиацией, море Бисмарка
    199 - Нацугумо | Natsugumo | 1938-02-10   | 1942-11-12 | авиацией, у мыса Эсперанс
    200 - Ямагумо  | Yamagumo  | 1938-01-15   | 1944-10-25 | залив Лейте, Суригао
    201 - Минегумо | Minegumo  | 1938-04-30   | 1943-03-06 | залив Блекетт
    202 - Асагумо  | Asagumo   | 1938-03-31   | 1944-10-25 | залив Лейте, Суригао
    203 - Араре    | Arare     | 1939-04-15   | 1942-07-05 | торпедирован SS-215 Growler
    204 - Касуми   | Kasumi    | 1939-06-24   | 1945-04-07 | авиацией, Тен-Го
*/


/* характеристики */
insert into general
    (ship_id, date_from, date_to, 
     displacement_standart, displacement_full, 
     length, width, draft,
     crew, speed_max, speed_cruise, range)
    values
    (195, '1937-08-31', '1943-03-04',   2000, 2394,     118.26, 10.35, 3.7,   226, 35,    18, 9200),
    (196, '1937-10-31', '1943-02-20',   2000, 2394,     118.26, 10.35, 3.7,   226, 35,    18, 9200),
    (197, '1937-10-31', '1944-10-25',   2000, 2394,     118.26, 10.35, 3.7,   226, 35,    18, 9200),
    (198, '1937-12-30', '1943-03-04',   2000, 2394,     118.26, 10.35, 3.7,   226, 35,    18, 9200),
    (199, '1938-02-10', '1942-11-12',   2000, 2394,     118.26, 10.35, 3.7,   226, 35,    18, 9200),
    (200, '1938-01-15', '1944-10-25',   2000, 2394,     118.26, 10.35, 3.7,   200, 35,    18, 9200),
    (201, '1938-04-30', '1943-03-06',   2000, 2394,     118.26, 10.35, 3.7,   230, 35,    18, 9200),
    (202, '1938-03-31', '1944-10-25',   2000, 2394,     118.26, 10.35, 3.7,   230, 35,    18, 9200),
    (203, '1939-04-15', '1942-07-05',   2000, 2394,     118.26, 10.35, 3.7,   230, 34.85, 18, 9200),
    (204, '1939-06-24', '1945-04-07',   2000, 2394,     118.26, 10.35, 3.7,   230, 34.85, 18, 9200);
 
 
    
/* модернизации */
insert into ship_event_list
    (class_id, ship_id, date_from, date_to, description)
    values
    (7, 195, '1942-06-06', '1942-06-06', 'Мидуэй, попадание бомбы'),
    (1, 195, '1942-06-29', '1942-07-09', 'Трук, с помощью Акаси'),
    (1, 195, '1942-07-09', '1942-07-14', 'Сасебо'),
    (1, 195, '1943-01-12', '1943-01-31', 'Куре'), /* неточная дата окончания */

    (7, 196, '1942-02-20', '1942-02-20', 'Битва в Бандоегском проливе, попадание снаряда от крейсера Tromp'),
    (1, 196, '1942-02-22', '1942-04-10', 'Макассар'),
    (1, 196, '1942-04-22', '1942-12-29', 'Йокосука'), /* неточная дата окончания */

    (7, 197, '1942-02-20', '1942-02-20', 'Битва в Бандоегском проливе, поврежден близкими разрывами 2 бомб B-17'),
    (1, 197, '1942-02-22', '1942-04-10', 'Макассар'),
    (1, 197, '1942-04-21', '1942-05-10', 'Йокосука'),
    (1, 197, '1942-05-13', '1942-10-20', 'Осака'),
    (7, 197, '1942-11-14', '1942-11-14', 'Гуадалканал, поврежден авиацией'),
    (1, 197, '1942-11-14', '1943-03-17', 'Шортленд, Рабаул, Трук'),
    (0, 197, '1943-03-17', '1943-11-14', 'Йокосука'),
    (0, 197, '1944-04-03', '1944-04-20', 'Куре'),
    (1, 197, '1944-04-26', '1944-04-29', 'Куре'),
    (1, 197, '1944-07-17', '1944-07-22', 'Йокосука'),

    (7, 198, '1942-06-06', '1942-06-06', 'Мидуэй, попадание бомбы'),
    (1, 198, '1942-07-15', '1942-07-23', 'Трук, с помощью Акаси'),
    (1, 198, '1942-08-01', '1942-10-20', 'Сасебо'), /* неточная дата начала */

    (1, 199, '1942-04-12', '1942-04-20', 'Йокосука'),

    (7, 200, '1941-12-31', '1941-12-31', 'залив Лингаен, подорвался на японской мине'),
    (1, 200, '1942-02-09', '1942-04-01', 'Гонг-Конг'),
    (1, 200, '1942-04-07', '1942-09-30', 'Йокосука'),
    (0, 200, '1944-02-23', '1944-03-29', 'Йокосука'), /* неточная дата окончания */

    (1, 201, '1942-04-20', '1942-05-02', 'Йокосука'),
    (7, 201, '1942-08-20', '1942-08-20', 'Трук, задел рифы'),
    (1, 201, '1942-08-20', '1942-08-20', 'Трук'),
    (7, 201, '1942-10-05', '1942-10-05', 'Гуадалканал, поврежден авиацией'),
    (1, 201, '1942-10-10', '1942-10-16', 'Трук'),
    (1, 201, '1942-11-23', '1943-02-12', 'Йокосука'),

    (7, 202, '1942-02-27', '1942-02-28', 'в Яванском море, поврежден'),
    (1, 202, '1942-03-01', '1942-03-18', 'Баликпапан'),
    (1, 202, '1942-03-29', '1942-04-30', 'Йокосука'), /* неточная дата окончания */
    (1, 202, '1942-11-18', '1942-11-30', 'Трук'), /* неточная дата окончания */
    (1, 202, '1943-04-13', '1943-05-21', 'Йокосука'), /* неточная дата окончания */
    (0, 202, '1943-11-04', '1943-12-31', 'Йокосука'), /* неточная дата окончания */

    (1, 203, '1942-04-23', '1942-05-21', 'Куре'), /* неточная дата окончания */

    (1, 204, '1942-04-23', '1942-05-21', 'Куре'), /* неточная дата окончания */
    (7, 204, '1942-07-05', '1942-07-05', 'около Кыска, торпедирован SS-215 Growler'),
    (1, 204, '1942-08-13', '1943-06-30', 'Майдзуру'),
    (0, 204, '1943-12-22', '1944-01-18', 'Майдзуру');
    
    
    
/* орудия ГК */
insert into ship_guns
    (ship_id, mount_id, amount, date_from, date_to)
    values
    (195, 3, 3, '1937-08-31', '1943-03-04'),
    (196, 3, 3, '1937-10-31', '1943-02-20'),
    (197, 3, 3, '1937-10-31', '1943-03-17'),
    (197, 3, 2, '1943-11-14', '1944-10-25'),
    (198, 3, 3, '1937-12-30', '1943-03-04'),
    (199, 3, 3, '1938-02-10', '1942-11-12'),
    (200, 3, 3, '1938-01-15', '1944-02-23'),
    (200, 3, 2, '1944-03-29', '1944-10-25'),
    (201, 3, 3, '1938-04-30', '1943-03-06'),
    (202, 3, 3, '1938-03-31', '1943-11-04'),
    (202, 3, 2, '1943-12-31', '1944-10-25'),
    (203, 3, 3, '1939-04-15', '1942-07-05'),
    (204, 3, 3, '1939-06-24', '1943-12-22'),
    (204, 3, 2, '1944-01-18', '1945-04-07');
    
    
    
/* ПВО */
insert into ship_guns
    (ship_id, mount_id, amount, date_from, date_to)
    values
    (195, 44,  2, '1937-08-31', '1943-03-04'),
    (196, 44,  2, '1937-10-31', '1943-02-20'),
    
    (197, 44,  2, '1937-10-31', '1943-03-17'),
    (197, 44,  1, '1943-11-14', '1944-10-25'),
    (197, 45,  4, '1943-11-14', '1944-10-25'),
    (197, 43, 14, '1944-04-20', '1944-10-25'),
    (197, 52,  2, '1944-04-20', '1944-10-25'),
    
    (198, 44,  2, '1937-12-30', '1943-03-04'),
    (199, 44,  2, '1938-02-10', '1942-11-12'),
    
    (200, 44,  2, '1938-01-15', '1944-02-23'),
    (200, 44,  1, '1944-03-29', '1944-10-25'),
    (200, 45,  4, '1944-03-29', '1944-10-25'),

    (201, 44,  2, '1938-04-30', '1943-03-06'),
    
    (202, 44,  2, '1938-03-31', '1943-11-04'),
    (202, 44,  1, '1943-12-31', '1944-10-25'),
    (202, 45,  4, '1943-12-31', '1944-10-25'),
    
    (203, 44,  2, '1939-04-15', '1942-07-05'),

    (204, 44,  2, '1939-06-24', '1943-12-22'),
    (204, 44,  1, '1944-01-18', '1945-04-07'),
    (204, 45,  4, '1944-01-18', '1945-04-07');
    
    
    
/* торпедные аппараты */
insert into ship_torpedo_tubes
    (ship_id, tube_id, amount, date_from, date_to)
    values
    (195, 13, 2, '1937-08-31', '1943-03-04'),
    (196, 13, 2, '1937-10-31', '1943-02-20'),
    (197, 13, 2, '1937-10-31', '1944-10-25'),
    (198, 13, 2, '1937-12-30', '1943-03-04'),
    (199, 13, 2, '1938-02-10', '1942-11-12'),
    (200, 13, 2, '1938-01-15', '1944-10-25'),
    (201, 13, 2, '1938-04-30', '1943-03-06'),
    (202, 13, 2, '1938-03-31', '1944-10-25'),
    (203, 13, 2, '1939-04-15', '1942-07-05'),
    (204, 13, 2, '1939-06-24', '1945-04-07');
    
    

/* 
    гидролокатор тип 93
    гидрофон тип 93
*/

    
    
/* бомбометы */
insert into ship_throwers
    (ship_id, throwers_id, amount, date_from, date_to)
    values
    (195, 0, 1, '1937-08-31', '1943-03-04'),
    (196, 0, 1, '1937-10-31', '1943-02-20'),
    (197, 0, 1, '1937-10-31', '1944-10-25'),
    (198, 0, 1, '1937-12-30', '1943-03-04'),
    (199, 0, 1, '1938-02-10', '1942-11-12'),
    (200, 0, 1, '1938-01-15', '1944-10-25'),
    (201, 0, 1, '1938-04-30', '1943-03-06'),
    (202, 0, 1, '1938-03-31', '1944-10-25'),
    (203, 0, 1, '1939-04-15', '1942-07-05'),
    (204, 0, 1, '1939-06-24', '1945-04-07');
        
        
        
/* бомбосбрасыватели */
insert into ship_throwers
    (ship_id, throwers_id, amount, date_from, date_to)
    values
    (195, 3, 2, '1937-08-31', '1943-03-04'),
    (195, 4, 4, '1937-08-31', '1943-03-04'),
    (196, 3, 2, '1937-10-31', '1943-02-20'),
    (196, 4, 4, '1937-10-31', '1943-02-20'),
    (197, 3, 2, '1937-10-31', '1944-10-25'),
    (197, 4, 4, '1937-10-31', '1944-10-25'),
    (198, 3, 2, '1937-12-30', '1943-03-04'),
    (198, 4, 4, '1937-12-30', '1943-03-04'),
    (199, 3, 2, '1938-02-10', '1942-11-12'),
    (199, 4, 4, '1938-02-10', '1942-11-12'),
    (200, 3, 2, '1938-01-15', '1944-10-25'),
    (200, 4, 4, '1938-01-15', '1944-10-25'),
    (201, 3, 2, '1938-04-30', '1943-03-06'),
    (201, 4, 4, '1938-04-30', '1943-03-06'),
    (202, 3, 2, '1938-03-31', '1944-10-25'),
    (202, 4, 4, '1938-03-31', '1944-10-25'),
    (203, 3, 2, '1939-04-15', '1942-07-05'),
    (203, 4, 4, '1939-04-15', '1942-07-05'),
    (204, 3, 2, '1939-06-24', '1945-04-07'),
    (204, 4, 4, '1939-06-24', '1945-04-07');
        
        
        
/* радары */
insert into ship_searchers
    (ship_id, searcher_id, amount, date_from, date_to)
    values
    (197, 1, 1, '1944-04-20', '1944-10-25'), /* тип 22 */
    (197, 2, 1, '1944-04-20', '1944-10-25'); /* тип 13 */
    /* с 1944-04-20 2 инфракрасных тип 2 свой-чужой */
    
    
    
/* прожектора */
insert into ship_searchers
    (ship_id, searcher_id, amount, date_from, date_to)
    values
    (195, 32, 1, '1937-08-31', '1943-03-04'),
    (196, 32, 1, '1937-10-31', '1943-02-20'),
    (197, 32, 1, '1937-10-31', '1944-10-25'),
    (198, 32, 1, '1937-12-30', '1943-03-04'),
    (199, 32, 1, '1938-02-10', '1942-11-12'),
    (200, 32, 1, '1938-01-15', '1944-10-25'),
    (201, 32, 1, '1938-04-30', '1943-03-06'),
    (202, 32, 1, '1938-03-31', '1944-10-25'),
    (203, 32, 1, '1939-04-15', '1942-07-05'),
    (204, 32, 1, '1939-06-24', '1945-04-07');


