
/*
    179 - Хацухару
    180 - Ненохи  
    181 - Вакаба  
    182 - Хацусимо
    183 - Ариаке  
    184 - Югуре   
*/


/* характеристики */
insert into general
    (ship_id, date_from, date_to, 
     displacement_standart, displacement_full, 
     length, width, draft,
     crew, speed_max, speed_cruise, range)
    values
    (179, '1933-09-30', '1944-11-13',   1530, 1831,     109.5, 10, 3,   200, 36, 14, 7400),
    (180, '1933-09-30', '1942-07-05',   1530, 1831,     109.5, 10, 3,   200, 36, 14, 7400),
    (181, '1934-10-31', '1944-10-24',   1530, 1831,     109.5, 10, 3,   212, 36, 14, 7400),
    (182, '1934-09-27', '1945-07-30',   1530, 1831,     109.5, 10, 3,   212, 36, 14, 7400),
    (183, '1935-03-25', '1943-07-27',   1530, 1831,     109.5, 10, 3,   212, 36, 14, 7400),
    (184, '1935-03-30', '1943-07-20',   1530, 1831,     109.5, 10, 3,   212, 36, 14, 7400);
 
 
    
/* модернизации */
insert into ship_event_list
    (class_id, ship_id, date_from, date_to, description)
    values
    (0, 179, '1934-05-01', '1934-07-01', 'работы по повышению остойчивости, башня No2 перенесена на корму'), /* неточные даты */
    (7, 179, '1942-01-25', '1942-01-25', 'около Кендари, столкновение с крейсером Нагара'),
    (1, 179, '1942-01-29', '1942-02-11', 'Давао'),
    (1, 179, '1942-03-25', '1942-04-20', 'Сасебо'), /* неточная дата окончания */
    (1, 179, '1942-07-21', '1942-08-04', 'Йокосука'),
    (7, 179, '1942-11-17', '1942-11-17', 'Кыска, попадание бомбы B-26'),
    (0, 179, '1942-11-06', '1943-09-30', 'Майдзуру'),
    (0, 179, '1944-04-13', '1944-04-22', 'Куре'),
    (0, 179, '1944-06-24', '1944-06-26', 'Йокосука'),
    (0, 179, '1944-07-20', '1944-08-11', 'Йокосука'),
    (0, 179, '1944-10-12', '1944-10-15', 'Куре'),

    (0, 180, '1934-05-01', '1934-07-01', 'работы по повышению остойчивости, башня No2 перенесена на корму'), /* неточные даты */
    (1, 180, '1942-03-25', '1942-04-20', 'Сасебо'), /* неточная дата окончания */

    (1, 181, '1942-03-25', '1942-04-20', 'Сасебо'), /* неточная дата окончания */
    (1, 181, '1942-07-18', '1942-08-08', 'Йокосука'),
    (0, 181, '1942-12-14', '1943-01-09', 'Сасебо'),
    (7, 181, '1943-03-30', '1943-03-30', 'столкновение с Икадзучи'),
    (1, 181, '1943-04-03', '1943-04-23', 'Йокосука'),
    (0, 181, '1943-09-09', '1943-10-16', 'Сасебо'),
    (0, 181, '1944-05-18', '1944-05-29', 'Оминато'),
    (0, 181, '1944-06-24', '1944-06-26', 'Йокосука'),
    (0, 181, '1944-07-20', '1944-08-11', 'Йокосука'),
    (0, 181, '1944-10-12', '1944-10-15', 'Куре'),

    (1, 182, '1942-03-25', '1942-04-20', 'Сасебо'), /* неточная дата окончания */
    (1, 182, '1942-07-23', '1942-08-02', 'Йокосука'),
    (0, 182, '1943-01-06', '1943-01-31', 'Сасебо'),
    (1, 182, '1943-04-03', '1943-05-11', 'Йокосука'),
    (0, 182, '1943-09-05', '1943-10-05', 'Йокосука'),
    (0, 182, '1944-04-14', '1944-05-19', 'Сасебо'),
    (0, 182, '1944-08-04', '1944-08-12', 'Куре'),
    (0, 182, '1944-09-04', '1944-09-12', 'Куре'),
    (0, 182, '1945-02-21', '1945-03-27', 'Куре'),

    (1, 183, '1942-01-07', '1942-01-11', 'Куре'),
    (1, 183, '1942-03-22', '1942-04-15', 'Сасебо'),
    (1, 183, '1942-11-09', '1942-11-28', 'Трук, с помощью Акаси'),
    (0, 183, '1943-01-14', '1943-02-15', 'Сасебо'),
    (0, 183, '1943-06-12', '1943-06-16', 'Йокосука'),

    (1, 184, '1942-04-01', '1942-04-15', 'Сасебо'), /* неточные даты */
    (1, 184, '1942-05-17', '1942-05-25', 'Куре'), /* неточная дата окончания */
    (0, 184, '1943-01-14', '1943-01-30', 'Сасебо'),
    (7, 184, '1943-04-14', '1943-04-14', 'южнее Трук, столкновение с Муко Мару'),
    (1, 184, '1943-04-15', '1943-04-16', 'Трук, с помощью Акаси'),
    (0, 184, '1943-06-21', '1943-06-28', 'Трук');
    
    
    
/* орудия ГК */
insert into ship_guns
    (ship_id, mount_id, amount, date_from, date_to)
    values
    (179, 2, 2, '1933-09-30', '1944-11-13'),
    (179, 5, 1, '1933-09-30', '1942-11-06'), /* средняя */
    (180, 2, 2, '1933-09-30', '1942-07-05'),
    (180, 5, 1, '1933-09-30', '1942-07-05'), /* средняя */
    (181, 2, 2, '1934-10-31', '1944-10-24'),
    (181, 5, 1, '1934-10-31', '1943-09-09'), /* средняя */
    (182, 2, 2, '1934-09-27', '1945-07-30'),
    (182, 5, 1, '1934-09-27', '1943-09-05'), /* средняя */
    (183, 2, 2, '1935-03-25', '1943-07-27'),
    (183, 5, 1, '1935-03-25', '1943-07-27'), /* средняя */
    (184, 2, 2, '1935-03-30', '1943-07-20'),
    (184, 5, 1, '1935-03-30', '1943-07-20'); /* средняя */
        
        
        
/* ПВО */
insert into ship_guns
    (ship_id, mount_id, amount, date_from, date_to)
    values
    (179, 47,  2, '1933-09-30', '1942-11-06'),
    (179, 45,  3, '1943-09-30', '1944-11-13'),
    (179, 44,  1, '1943-09-30', '1944-11-13'),
    (179, 43,  2, '1944-04-22', '1944-06-24'),
    (179, 43, 12, '1944-06-26', '1944-10-12'),
    (179, 51,  4, '1944-06-26', '1944-11-13'),
    (179, 43, 17, '1944-10-15', '1944-11-13'),
    
    (180, 47,  2, '1933-09-30', '1942-07-05'),
    
    (181, 47,  2, '1934-10-31', '1942-12-14'),
    (181, 44,  2, '1943-01-09', '1943-09-09'),
    (181, 44,  3, '1943-10-16', '1944-10-24'),
    (181, 45,  1, '1943-10-16', '1944-10-24'),
    (181, 43,  2, '1944-05-29', '1944-06-24'),
    (181, 43, 12, '1944-06-26', '1944-10-12'),
    (181, 51,  4, '1944-06-26', '1944-10-24'),
    (181, 43, 17, '1944-10-15', '1944-10-24'),
    
    (182, 47,  2, '1934-09-27', '1943-01-31'),
    (182, 44,  2, '1943-01-06', '1943-09-05'),
    (182, 44,  3, '1943-10-05', '1945-07-30'),
    (182, 45,  1, '1943-10-05', '1945-07-30'),
    (182, 43,  2, '1944-05-19', '1944-08-04'),
    (182, 43, 10, '1944-08-04', '1945-02-21'),
    (182, 51,  4, '1944-09-12', '1945-07-30'),
    (182, 43, 15, '1945-03-27', '1945-07-30'),

    (183, 47,  2, '1935-03-25', '1943-01-14'),
    (183, 44,  2, '1943-02-15', '1943-06-12'),
    (183, 44,  3, '1943-06-16', '1943-07-27'),

    (184, 47,  2, '1935-03-30', '1943-01-14'),
    (184, 44,  2, '1943-01-30', '1943-06-21'),
    (184, 44,  3, '1943-06-28', '1943-07-20');
    
    
    
/* торпедные аппараты */
insert into ship_torpedo_tubes
    (ship_id, tube_id, amount, date_from, date_to)
    values
    (179, 11, 3, '1933-09-30', '1934-05-01'),
    (179, 11, 2, '1934-07-01', '1944-11-13'),
    (180, 11, 3, '1933-09-30', '1934-05-01'),
    (180, 11, 2, '1934-07-01', '1942-07-05'),
    (181, 11, 2, '1934-10-31', '1944-10-24'),
    (182, 11, 2, '1934-09-27', '1945-07-30'),
    (183, 11, 2, '1935-03-25', '1943-07-27'),
    (184, 11, 2, '1935-03-30', '1943-07-20');
        
        
        
/* радары */
insert into ship_searchers
    (ship_id, searcher_id, amount, date_from, date_to)
    values
    (179, 1, 1, '1943-09-30', '1944-11-13'), /* тип 22 */
    (179, 2, 1, '1944-08-11', '1944-11-13'), /* тип 13 */

    (181, 1, 1, '1943-10-16', '1944-10-24'), /* тип 22 */
    (181, 2, 1, '1944-08-11', '1944-10-24'), /* тип 13 */

    (182, 1, 1, '1944-05-19', '1945-07-30'), /* тип 22 */
    (182, 2, 1, '1944-09-12', '1945-07-30'); /* тип 13 */
    
    
    
/* прожектора */
insert into ship_searchers
    (ship_id, searcher_id, amount, date_from, date_to)
    values
    (179, 36, 1, '1933-09-30', '1944-11-13'),
    (180, 36, 1, '1933-09-30', '1942-07-05'),
    (181, 36, 1, '1934-10-31', '1944-10-24'),
    (182, 36, 1, '1934-09-27', '1945-07-30'),
    (183, 36, 1, '1935-03-25', '1943-07-27'),
    (184, 36, 1, '1935-03-30', '1943-07-20');
        
        
        
/* бомбометы */
insert into ship_throwers
    (ship_id, throwers_id, amount, date_from, date_to)
    values
    (179, 0, 1, '1934-07-01', '1944-11-13'),
    (180, 0, 1, '1934-07-01', '1942-07-05'),
    (181, 0, 1, '1934-10-31', '1944-10-24'),
    (182, 0, 1, '1934-09-27', '1945-07-30'),
    (183, 0, 1, '1935-03-25', '1943-07-27'),
    (184, 0, 1, '1935-03-30', '1943-07-20');
        
        
        
/* бомбосбрасыватели */
insert into ship_throwers
    (ship_id, throwers_id, amount, date_from, date_to)
    values
    (179, 3, 2, '1933-09-30', '1944-11-13'),
    (180, 3, 2, '1933-09-30', '1942-07-05'),
    (181, 3, 2, '1934-10-31', '1944-10-24'),
    (182, 3, 2, '1934-09-27', '1945-07-30'),
    (183, 3, 2, '1935-03-25', '1943-07-27'),
    (184, 3, 2, '1935-03-30', '1943-07-20'),

    (179, 4, 4, '1933-09-30', '1944-11-13'),
    (180, 4, 4, '1933-09-30', '1942-07-05'),
    (181, 4, 4, '1934-10-31', '1944-10-24'),
    (182, 4, 4, '1934-09-27', '1945-07-30'),
    (183, 4, 4, '1935-03-25', '1943-07-27'),
    (184, 4, 4, '1935-03-30', '1943-07-20'),

    (179, 2, 1, '1933-09-30', '1944-11-13'),
    (180, 2, 1, '1933-09-30', '1942-07-05'),
    (181, 2, 1, '1934-10-31', '1944-10-24'),
    (182, 2, 1, '1934-09-27', '1945-07-30'),
    (183, 2, 1, '1935-03-25', '1943-07-27'),
    (184, 2, 1, '1935-03-30', '1943-07-20');


