
/*
    134  Камикадзе
    135  Асакадзе 
    136  Харукадзе
    137  Мацукадзе
    138  Хатакадзе
    139  Оите     
    140  Хаяте    
    141  Асанаги  
    142  Юнаги    
*/


/* характеристики */
insert into general
    (ship_id, date_from, date_to, 
     displacement_standart, displacement_full, 
     length, width, draft,
     crew, speed_max, speed_cruise, range)
    values
    (134, '1922-12-19',  null,          1422, 1747,     102.6, 9.16, 2.9,   148, 37.3,  14, 5800),
    (135, '1923-06-16', '1944-08-23',   1422, 1747,     102.6, 9.16, 2.9,   148, 37.15, 14, 5800),
    (136, '1923-05-31',  null,          1422, 1747,     102.6, 9.16, 2.9,   148, 37.23, 14, 5800),
    (137, '1924-04-05', '1944-06-09',   1422, 1747,     102.6, 9.16, 2.9,   148, 37.23, 14, 5800),
    (138, '1924-08-30', '1945-01-15',   1422, 1747,     102.6, 9.16, 2.9,   148, 37.23, 14, 5800),
    (139, '1925-10-30', '1944-02-17',   1422, 1747,     102.6, 9.16, 2.9,   148, 36.88, 14, 5800),
    (140, '1925-12-21', '1941-12-11',   1422, 1747,     102.6, 9.16, 2.9,   148, 36.88, 14, 5800),
    (141, '1924-12-29', '1944-05-22',   1422, 1747,     102.6, 9.16, 2.9,   148, 36.88, 14, 5800),
    (142, '1925-05-24', '1944-08-25',   1422, 1747,     102.6, 9.16, 2.9,   148, 36.88, 14, 5800);
 
 
    
/* модернизации */
insert into ship_event_list
    (class_id, ship_id, date_from, date_to, description)
    values
    (6, 134, '1926-12-31', '1929-11-20', 'Сасебо, в резерве'),
    (7, 134, '1928-08-01', '1928-08-01', 'переименован (был No 1) (так как тральщик с таким именем списан)'),
    (0, 134, '1929-12-01', '1929-12-31', 'Сасебо'), /* неточные даты */
    (0, 134, '1938-04-01', '1938-09-30', 'Сасебо'), /* неточные даты */
    (1, 134, '1941-04-01', '1941-10-30', 'Сасебо'), /* неточные даты */
    (0, 134, '1942-04-01', '1942-06-30', 'Сингапур'), /* неточные даты */
    (0, 134, '1944-02-09', '1944-03-08', 'Хакодате'), /* неточные даты */ /* по данным Альпакова с января в Сингапуре */
    (1, 134, '1944-12-07', '1945-01-10', 'Оминато'),
    (7, 134, '1945-08-21', '1945-08-21', 'Сингапур, передан Великобритании'),

    (6, 135, '1927-12-30', '1930-05-31', 'Йокосука, в резерве'), /* неточная дата окончания */
    (7, 135, '1928-08-01', '1928-08-01', 'переименован (был No 3) (так как тральщик с таким именем списан)'),
    (0, 135, '1930-06-01', '1930-12-31', 'Йокосука'), /* неточные даты */
    (6, 135, '1931-12-01', '1933-05-31', 'Сасебо, в резерве'), /* неточные даты */
    (1, 135, '1933-06-01', '1933-12-31', 'Сасебо'), /* неточные даты */
    (6, 135, '1937-12-31', '1940-11-30', 'Сасебо, в резерве'),
    (0, 135, '1941-01-01', '1941-06-30', 'Сасебо'), /* неточные даты */
    (1, 135, '1942-04-23', '1942-04-30', 'Сингапур'), /* неточная дата окончания */
    (1, 135, '1943-05-23', '1943-05-31', 'Сасебо'), /* неточная дата окончания */
    (0, 135, '1944-05-01', '1944-05-31', 'Манила, с помощью ремонтной секции 103'), /* неточные даты */

    (6, 136, '1927-12-30', '1930-05-31', 'Йокосука, в резерве'), /* неточная дата окончания */
    (7, 136, '1928-08-01', '1928-08-01', 'переименован (был No 5) (так как тральщик с таким именем списан)'),
    (0, 136, '1930-06-01', '1930-12-31', 'Сасебо'), /* неточные даты */
    (6, 136, '1931-12-01', '1933-05-31', 'Сасебо, в резерве'), /* неточные даты */
    (1, 136, '1933-06-01', '1933-12-31', 'Сасебо'), /* неточные даты */
    (6, 136, '1937-12-31', '1940-11-30', 'Йокосука'),
    (0, 136, '1941-01-01', '1941-06-30', 'Сасебо'), /* неточные даты */
    (7, 136, '1942-03-01', '1942-03-01', 'бой в Зондском проливе, поврежден 152мм снарядом'),
    (1, 136, '1942-03-13', '1942-03-18', 'Сингапур'),
    (7, 136, '1942-11-16', '1942-11-16', 'северный канал у Сурабаи, подорвался на мине'), /* по данным Альпакова 12.10.1942 */
    (1, 136, '1942-11-17', '1943-05-02', 'Сурабая, с помощью ремонтной секции 102'),
    (0, 136, '1943-05-08', '1943-05-27', 'Куре'), /* по данным Альпакова в Сасебо 11.1942 */
    (7, 136, '1944-11-04', '1944-11-04', 'у Лусона, торпедирован SS-192 Sailfish'),
    (0, 136, '1944-11-05', '1944-12-15', 'Манила, с помощью ремонтной секции 103'), /* неточные даты */
    (7, 136, '1945-01-21', '1945-01-21', 'у Мако, поврежден авиацией TF-38'),
    (1, 136, '1945-03-29', '1945-04-30', 'Сасебо, ремонт не закончен'),

    (6, 137, '1927-12-30', '1930-05-31', 'Йокосука, в резерве'), /* неточная дата окончания */
    (7, 137, '1928-08-01', '1928-08-01', 'переименован (был No 7) (так как тральщик с таким именем списан)'),
    (0, 137, '1930-06-01', '1930-12-31', 'Йокосука'), /* неточные даты */
    (6, 137, '1931-12-01', '1933-05-31', 'Сасебо, в резерве'), /* неточные даты */
    (1, 137, '1933-06-01', '1933-12-31', 'Сасебо'), /* неточные даты */
    (6, 137, '1937-12-31', '1940-11-30', 'Йокосука'),
    (0, 137, '1941-01-01', '1941-06-30', 'Сасебо'), /* неточные даты */
    (1, 137, '1942-04-15', '1942-04-30', 'Сингапур'), /* неточные даты */
    (1, 137, '1943-03-31', '1943-04-30', 'Йокосука'), /* неточная дата окончания */
    (0, 137, '1943-07-27', '1943-08-25', 'Трук, с помощью ремонтной секции No 4'), /* неточная дата окончания */
    (1, 137, '1943-10-27', '1943-12-08', 'Йокосука'),
    (7, 137, '1944-01-14', '1944-01-14', 'у Бугенвиля, поврежден близкими разрывами бомб'),
    (0, 137, '1944-01-25', '1944-01-31', 'Йокосука'), /* неточные даты */
    (7, 137, '1944-02-17', '1944-02-18', 'Трук, поврежден близкими разрывами бомб'),
    (1, 137, '1944-03-01', '1944-04-28', 'Йокосука'),

    (6, 138, '1927-12-30', '1930-05-31', 'Йокосука, в резерве'), /* неточная дата окончания */
    (7, 138, '1928-08-01', '1928-08-01', 'переименован (был No 9) (так как тральщик с таким именем списан)'),
    (0, 138, '1930-06-01', '1930-12-31', 'Йокосука'), /* неточные даты */
    (6, 138, '1931-12-01', '1933-05-31', 'Сасебо, в резерве'), /* неточные даты */
    (1, 138, '1933-06-01', '1933-12-31', 'Сасебо'), /* неточные даты */
    (6, 138, '1937-12-31', '1940-11-30', 'Сасебо'),
    (0, 138, '1941-01-01', '1941-06-30', 'Сасебо'), /* неточные даты */
    (1, 138, '1942-04-15', '1942-04-30', 'Сингапур'), /* неточные даты */
    (1, 138, '1942-05-15', '1942-05-31', 'Йокосука'), /* неточная дата окончания */
    (7, 138, '1943-03-02', '1943-03-02', 'Йокосука, поврежден взрывом на корме'),
    (0, 138, '1943-03-03', '1943-09-22', 'Йокосука'), /* неточные даты */ /* по данным Альпакова ПВО усилили 08.1943 на Трук с помощью ремонтной секции No 4 */
    (7, 138, '1944-08-04', '1944-08-04', 'Чичи-Дзима, поврежден близкими разрывами бомб'),

    (6, 139, '1927-12-30', '1930-11-30', 'Сасебо, в резерве'), /* неточная дата окончания */
    (7, 139, '1928-08-01', '1928-08-01', 'переименован (был No 11) (так как тральщик с таким именем списан)'),
    (6, 139, '1931-12-01', '1933-05-31', 'Куре, в резерве'), /* неточные даты */
    (0, 139, '1933-06-01', '1933-12-31', 'Куре'), /* неточные даты */
    (6, 139, '1938-11-30', '1940-06-30', 'Сесебо, в резерве'),  /* неточная дата окончания */
    (0, 139, '1940-07-01', '1941-03-31', 'Сасебо'), /* неточные даты */
    (1, 139, '1942-04-01', '1942-04-23', 'Сасебо'),
    (0, 139, '1942-11-01', '1942-11-30', 'Трук, с помощью ремонтной секции No 4'), /* неточные даты */
    (7, 139, '1943-09-21', '1943-09-21', 'торпедирован SS-231 Haddock'), /* по данным Альпакова SS-211 Gudgeon */
    (1, 139, '1943-09-25', '1944-02-14', 'Трук, с помощью ремонтной секции No 4'), /* неточная дата окончания */

    (6, 140, '1927-12-30', '1930-11-30', 'Сасебо, в резерве'), /* неточная дата окончания */
    (7, 140, '1928-08-01', '1928-08-01', 'переименован (был No 13) (так как тральщик с таким именем списан)'),
    (6, 140, '1931-12-01', '1933-05-31', 'Куре, в резерве'), /* неточные даты */
    (0, 140, '1933-06-01', '1933-12-31', 'Куре'), /* неточные даты */
    (6, 140, '1938-11-30', '1940-06-30', 'Сесебо, в резерве'),  /* неточная дата окончания */
    (0, 140, '1940-07-01', '1941-03-31', 'Сасебо'), /* неточные даты */

    (6, 141, '1927-12-30', '1930-11-30', 'Сасебо, в резерве'), /* неточная дата окончания */
    (7, 141, '1928-08-01', '1928-08-01', 'переименован (был No 15) (так как тральщик с таким именем списан)'),
    (6, 141, '1931-12-01', '1933-05-31', 'Куре, в резерве'), /* неточные даты */
    (0, 141, '1933-06-01', '1933-12-31', 'Куре'), /* неточные даты */
    (6, 141, '1938-11-30', '1940-06-30', 'Сесебо, в резерве'),  /* неточная дата окончания */
    (0, 141, '1940-07-01', '1941-03-31', 'Сасебо'), /* неточные даты */
    (7, 141, '1942-03-10', '1942-03-10', 'Новая Гвинея, поврежден близкими разрывами бомб (c CV-5 Yorktown)'),
    (1, 141, '1942-03-14', '1942-03-22', 'Рабаул'),
    (1, 141, '1942-04-01', '1942-04-23', 'Сасебо'), /* неточная дата окончания */
    (1, 141, '1942-05-18', '1942-05-31', 'Сасебо'), /* неточная дата окончания */
    (7, 141, '1942-07-26', '1942-07-26', 'сопровождение транспортов к Новой Гвинеи, подрезал рифы'),
    (1, 141, '1942-08-03', '1942-08-19', 'Трук, с помощью Акаси'),
    (1, 141, '1942-08-23', '1942-08-31', 'Йокосука'), /* неточная дата окончания */
    (0, 141, '1943-08-11', '1943-08-31', 'Сасебо'), /* неточная дата окончания */
    (7, 141, '1943-11-20', '1943-11-20', 'Рабаул, поврежден близкими разрывами бомб'),
    (1, 141, '1943-11-23', '1943-12-14', 'Трук'), /* неточная дата окончания */
    (1, 141, '1944-01-14', '1944-02-14', 'Йокосука'),

    (6, 142, '1927-12-30', '1930-11-30', 'Сасебо, в резерве'), /* неточная дата окончания */
    (7, 142, '1928-08-01', '1928-08-01', 'переименован (был No 17) (так как тральщик с таким именем списан)'),
    (6, 142, '1931-12-01', '1933-05-31', 'Куре, в резерве'), /* неточные даты */
    (0, 142, '1933-06-01', '1933-12-31', 'Куре'), /* неточные даты */
    (6, 142, '1938-11-30', '1940-06-30', 'Сесебо, в резерве'), /* неточная дата окончания */
    (0, 142, '1940-07-01', '1941-03-31', 'Сасебо'), /* неточные даты */
    (7, 142, '1942-03-10', '1942-03-10', 'Новая Гвинея, поврежден близкими разрывами бомб (c CV-5 Yorktown)'),
    (1, 142, '1942-03-14', '1942-03-22', 'Рабаул'),
    (1, 142, '1942-04-01', '1942-04-30', 'Сасебо'), /* неточная дата окончания */
    (0, 142, '1943-03-18', '1943-06-11', 'Сасебо'),
    (7, 142, '1943-07-17', '1943-07-17', 'Шортленд, поврежден близкими разрывами бомб'),
    (1, 142, '1943-08-02', '1943-08-31', 'Трук'), /* неточная дата окончания */
    (1, 142, '1944-01-25', '1944-02-28', 'Сасебо'), /* неточная дата окончания */
    (1, 142, '1944-05-01', '1944-05-15', 'Сингапур'); /* неточные даты */

    
    
/* орудия ГК */
insert into ship_guns
    (ship_id, mount_id, amount, date_from, date_to)
    values
    (134, 0, 4, '1922-12-19', '1942-04-01'),
    (134, 0, 3, '1942-06-30',  null), /* No 1, No 2, No 3 */

    (135, 0, 4, '1923-06-16', '1941-01-01'),
    (135, 0, 3, '1941-06-30', '1944-05-01'), /* No 1, No 2, No 3 */
    (135, 0, 2, '1944-05-31', '1944-08-23'), /* No 1, No 3 */

    (136, 0, 4, '1923-05-31', '1941-01-01'),
    (136, 0, 3, '1941-06-30', '1943-05-08'), /* No 1, No 2, No 3 */
    (136, 0, 3, '1943-05-27',  null), /* No 1, No 3, No 4 */

    (137, 0, 4, '1924-04-05', '1941-01-01'),
    (137, 0, 3, '1941-06-30', '1943-07-27'), /* No 1, No 2, No 3 */
    (137, 0, 2, '1943-08-25', '1944-06-09'), /* No 1, No 3 */

    (138, 0, 4, '1924-08-30', '1941-01-01'),
    (138, 0, 3, '1941-06-30', '1945-01-15'), /* No 1, No 3, No 4 */

    (139, 0, 4, '1925-10-30', '1940-07-01'),
    (139, 0, 3, '1941-03-31', '1944-02-17'), /* No 1, No 3, No 4 */
    
    (140, 0, 4, '1925-12-21', '1940-07-01'),
    (140, 0, 3, '1941-03-31', '1941-12-11'), /* No 1, No 3, No 4 */

    (141, 0, 4, '1924-12-29', '1940-07-01'),
    (141, 0, 3, '1941-03-31', '1944-05-22'), /* No 1, No 3, No 4 */

    (142, 0, 4, '1925-05-24', '1940-07-01'),
    (142, 0, 3, '1941-03-31', '1944-08-25'); /* No 1, No 3, No 4 */
        
        
        
/* ПВО */
insert into ship_guns
    (ship_id, mount_id, amount, date_from, date_to)
    values
    (134, 50, 2, '1922-12-19', '1938-04-01'),
    (134, 44, 2, '1938-09-30', '1944-02-09'),
    (134, 45, 1, '1942-06-30',  null),
    (134, 44, 4, '1944-03-08',  null),
    (134, 43, 3, '1944-03-08',  null),

    (135, 50, 2, '1923-06-16', '1941-01-01'),
    (135, 44, 4, '1941-06-30', '1944-08-23'),
    (135, 52, 2, '1944-05-31', '1944-08-23'),
    (135, 43, 5, '1944-05-31', '1944-08-23'),
    (135, 45, 1, '1944-05-31', '1944-08-23'),

    (136, 50, 2, '1923-05-31', '1941-01-01'),
    (136, 51, 2, '1941-06-30', '1943-05-08'),
    (136, 52, 2, '1943-05-27',  null),
    (136, 44, 2, '1941-06-30', '1944-11-05'),
    (136, 44, 4, '1944-12-15',  null),
    (136, 43, 2, '1944-12-15',  null),

    (137, 50, 2, '1924-04-05', '1941-06-30'),
    (137, 44, 4, '1941-06-30', '1943-07-27'),
    (137, 44, 2, '1943-08-25', '1944-06-09'),
    (137, 45, 3, '1943-08-25', '1944-06-09'),
    (137, 43, 2, '1943-08-25', '1944-06-09'),
    (137, 52, 2, '1944-01-31', '1944-06-09'),

    (138, 50, 2, '1924-08-30', '1941-01-01'),
    (138, 44, 2, '1941-06-30', '1945-01-15'),
    (138, 51, 2, '1941-06-30', '1943-08-01'),
    (138, 52, 2, '1943-08-31', '1945-01-15'),
    (138, 43, 2, '1943-08-31', '1945-01-15'),

    (139, 50, 2, '1925-10-30', '1940-07-01'),
    (139, 44, 2, '1941-03-31', '1942-11-01'),
    (139, 51, 2, '1941-03-31', '1942-11-01'),
    (139, 44, 4, '1942-11-30', '1944-02-17'),
    (139, 52, 2, '1942-11-30', '1944-02-17'),

    (140, 50, 2, '1925-12-21', '1940-07-01'),
    (140, 44, 2, '1941-03-31', '1941-12-11'),
    (140, 51, 2, '1941-03-31', '1941-12-11'),

    (141, 50, 2, '1924-12-29', '1940-07-01'),
    (141, 44, 2, '1941-03-31', '1943-08-11'),
    (141, 51, 2, '1941-03-31', '1944-05-22'),
    (141, 44, 3, '1943-08-31', '1944-05-22'),

    (142, 50, 2, '1925-05-24', '1940-07-01'),
    (142, 44, 2, '1941-03-31', '1943-03-18'),
    (142, 51, 2, '1941-03-31', '1943-03-18'),
    (142, 44, 3, '1943-06-11', '1944-08-25'),
    (142, 52, 2, '1943-06-11', '1944-08-25');
    
    
    
/* торпедные аппараты */
insert into ship_torpedo_tubes
    (ship_id, tube_id, amount, date_from, date_to)
    values
    (134, 1, 3, '1922-12-19', '1938-04-01'),
    (134, 1, 1, '1938-09-30',  null),

    (135, 1, 3, '1923-06-16', '1944-05-01'),
    (135, 1, 1, '1944-05-31', '1944-08-23'), /* носовой */

    (136, 1, 3, '1923-05-31',  null),

    (137, 1, 3, '1924-04-05', '1943-07-27'),
    (137, 1, 1, '1943-08-25', '1944-06-09'), /* носовой */

    (138, 1, 3, '1924-08-30', '1945-01-15'),

    (139, 1, 3, '1925-10-30', '1942-11-01'),
    (139, 1, 2, '1942-11-30', '1944-02-17'), /* носовой, средний */

    (140, 1, 3, '1925-12-21', '1941-12-11'),

    (141, 1, 3, '1924-12-29', '1943-08-11'),
    (141, 1, 2, '1943-08-31', '1944-05-22'), /* носовой, средний */

    (142, 1, 3, '1925-05-24', '1943-03-18'),
    (142, 1, 2, '1943-06-11', '1944-08-25');
    
    
    
/* прожектора */
insert into ship_searchers
    (ship_id, searcher_id, amount, date_from, date_to)
    values
    (134, 37, 1, '1922-12-19',  null),
    (135, 37, 1, '1923-06-16', '1944-08-23'),
    (136, 37, 1, '1923-05-31',  null),
    (137, 37, 1, '1924-04-05', '1944-06-09'),
    (138, 37, 1, '1924-08-30', '1945-01-15'),
    (139, 37, 1, '1925-10-30', '1944-02-17'),
    (140, 37, 1, '1925-12-21', '1941-12-11'),
    (141, 37, 1, '1924-12-29', '1944-05-22'),
    (142, 37, 1, '1925-05-24', '1944-08-25');
        
    
    
/*
с 1938-1941:
    сонар тип 93 мод 1
    гидрофон тип 92
*/
    
        
        
/* бомбосбрасыватели */
insert into ship_throwers
    (ship_id, throwers_id, amount, date_from, date_to)
    values
    (134, 5, 2, '1929-12-31', '1938-04-01'),
    (134, 0, 2, '1938-09-30',  null),
    (134, 3, 2, '1938-09-30',  null),

    (135, 5, 2, '1930-12-31', '1941-01-01'),
    (135, 0, 2, '1941-06-30', '1944-08-23'),
    (135, 3, 2, '1941-06-30', '1944-08-23'),

    (136, 5, 2, '1930-12-31', '1941-01-01'),
    (136, 0, 2, '1941-06-30',  null),
    (136, 3, 2, '1941-06-30',  null),

    (137, 5, 2, '1930-12-31', '1941-01-01'),
    (137, 0, 2, '1941-06-30', '1944-06-09'),
    (137, 3, 2, '1941-06-30', '1944-06-09'),

    (138, 5, 2, '1930-12-31', '1941-01-01'),
    (138, 0, 2, '1941-06-30', '1945-01-15'),
    (138, 3, 2, '1941-06-30', '1945-01-15'),

    (139, 5, 2, '1933-12-31', '1940-07-01'),
    (139, 0, 2, '1941-03-31', '1944-02-17'),
    (139, 3, 2, '1941-03-31', '1944-02-17'),

    (140, 5, 2, '1933-12-31', '1940-07-01'),
    (140, 0, 2, '1941-03-31', '1941-12-11'),
    (140, 3, 2, '1941-03-31', '1941-12-11'),

    (141, 5, 2, '1933-12-31', '1940-07-01'),
    (141, 0, 2, '1941-03-31', '1944-05-22'),
    (141, 3, 2, '1941-03-31', '1944-05-22'),

    (142, 5, 2, '1933-12-31', '1940-07-01'),
    (142, 0, 2, '1941-03-31', '1944-08-25'),
    (142, 3, 2, '1941-03-31', '1944-08-25');


