
/*
    111 - Минекадзе
    112 - Савакадзе
    113 - Окикадзе 
    114 - Симакадзе
    115 - Надакадзе
    116 - Якадзе   
    117 - Хакадзе  
    118 - Сиокадзе 
    119 - Акикадзе 
    120 - Юкадзе   
    121 - Татикадзе
    122 - Хокадзе  
    123 - Нокадзе  
    124 - Намикадзе
    125 - Нумакадзе | Numakaze  | 1922-07-24   | 1943-12-19 | торпедирован юго-восточнее Окинавы
*/


/* характеристики */
insert into general
    (ship_id, date_from, date_to, 
     displacement_standart, displacement_full, 
     length, width, draft,
     crew, speed_max, speed_cruise, range)
    values
    (111, '1920-05-29', '1944-02-10',   1367, 1680,     102.6, 9.04, 2.9,   148, 39,  14, 6700),
    (112, '1920-03-06',  null,          1367, 1680,     102.6, 9.04, 2.9,   148, 39,  14, 6700),
    (113, '1920-08-17', '1943-01-10',   1367, 1680,     102.6, 9.04, 2.9,   148, 39,  14, 6700),
    (114, '1920-11-15', '1943-01-13',   1367, 1680,     102.6, 9.04, 2.9,   148, 39,  14, 6700),
    (115, '1921-09-30',  null,          1367, 1680,     102.6, 9.04, 2.9,   148, 39,  14, 6700),
    (116, '1920-07-19',  null,          1367, 1680,     102.6, 9.04, 2.9,   148, 39,  14, 6700),
    (117, '1920-09-16', '1943-01-23',   1367, 1680,     102.6, 9.04, 2.9,   148, 39,  14, 6700),
    (118, '1921-07-29',  null,          1367, 1680,     102.6, 9.04, 2.9,   148, 39,  14, 6700),
    (119, '1921-09-16', '1944-11-03',   1367, 1680,     102.6, 9.04, 2.9,   148, 39,  14, 6700),
    (120, '1921-08-24',  null,          1367, 1680,     102.6, 9.04, 2.9,   148, 39,  14, 6700),
    (121, '1921-12-05', '1944-02-17',   1367, 1680,     102.6, 9.04, 2.9,   148, 39,  14, 6700),
    (122, '1921-12-22', '1944-07-06',   1367, 1680,     102.6, 9.04, 2.9,   148, 39,  14, 6700),
    (123, '1922-03-31', '1945-02-20',   1367, 1680,     102.6, 9.04, 2.9,   148, 39,  14, 6700),
    (124, '1922-11-11',  null,          1367, 1680,     102.6, 9.04, 2.9,   148, 39,  14, 6700),
    (125, '1922-07-24', '1943-12-19',   1367, 1680,     102.6, 9.04, 2.9,   148, 39,  14, 6700);

 
    
/* модернизации */
insert into ship_event_list
    (class_id, ship_id, date_from, date_to, description)
    values
    (6, 111, '1924-12-01', '1927-11-30', 'Сасебо, в резерве'), /* неточные даты */
    (1, 111, '1927-12-01', '1928-05-31', 'Сасебо'), /* неточные даты */
    (1, 111, '1935-12-01', '1936-06-30', 'Сасебо'), /* неточные даты */
    (1, 111, '1938-06-01', '1938-07-15', 'Сасебо'), /* неточные даты */
    (0, 111, '1940-04-15', '1941-10-31', 'Сасебо'), /* неточные даты */
    (0, 111, '1943-08-01', '1943-08-31', 'Куре'), /* неточные даты */

    (6, 112, '1924-12-01', '1927-11-30', 'Сасебо, в резерве'), /* неточные даты */
    (1, 112, '1927-12-01', '1928-05-31', 'Сасебо'), /* неточные даты */
    (1, 112, '1935-12-01', '1936-06-30', 'Сасебо'), /* неточные даты */
    (1, 112, '1938-06-01', '1938-07-15', 'Сасебо'), /* неточные даты */
    (0, 112, '1940-04-15', '1941-10-31', 'Сасебо'), /* неточные даты */
    (0, 112, '1943-09-01', '1943-10-31', 'Куре'), /* неточные даты */
    (0, 112, '1944-12-15', '1945-01-31', 'Куре'), /* неточные даты */
    (7, 112, '1945-08-15', '1945-08-31', 'Куре, передан американцам, разоружен'), /* неточная дата окончания */

    (6, 113, '1924-12-01', '1927-11-30', 'Сасебо, в резерве'), /* неточные даты */
    (1, 113, '1927-12-01', '1928-05-31', 'Сасебо'), /* неточные даты */
    (1, 113, '1935-12-01', '1936-06-30', 'Сасебо'), /* неточные даты */
    (1, 113, '1938-06-01', '1938-07-15', 'Сасебо'), /* неточные даты */
    (0, 113, '1940-04-30', '1940-05-31', 'Йокосука, разоружение'), /* неточная дата окончания */
    (6, 113, '1940-06-01', '1941-05-31', 'Йокосука'), /* неточные даты */
    (0, 113, '1941-06-01', '1941-09-30', 'Йокосука'), /* неточные даты */

    (6, 114, '1926-12-31', '1928-11-20', 'Сасебо, в резерве'),
    (1, 114, '1928-12-01', '1928-12-31', 'Сасебо'), /* неточные даты */
    (0, 114, '1938-04-01', '1939-09-30', 'Сасебо, переклассифицирован в сторожевой корабль P1'), /* неточные даты */
    (0, 114, '1941-10-01', '1941-11-30', 'Куре, переклассифицирован в скоростной транспорт P1'), /* неточные даты */

    (6, 115, '1926-12-31', '1928-11-20', 'Сасебо, в резерве'),
    (1, 115, '1928-12-01', '1928-12-31', 'Сасебо'), /* неточные даты */
    (0, 115, '1938-04-01', '1939-09-30', 'Сасебо, переклассифицирован в сторожевой корабль P2'), /* неточные даты */
    (0, 115, '1941-10-01', '1941-11-30', 'Куре, переклассифицирован в скоростной транспорт P2'), /* неточные даты */
    (0, 115, '1944-02-01', '1944-02-29', 'Сасебо'), /* неточные даты */
    (0, 115, '1944-08-01', '1944-08-31', 'Сингапур'), /* неточные даты */
    (0, 115, '1945-07-25', '1945-07-25', 'торпедирован HMS Stubborn, 175 к востоку от Сурабаи'),
    (6, 115, '1945-07-26',  null,        'Сурабая'), /* неточная дата начала */
    
    (6, 116, '1924-12-01', '1927-11-30', 'Сасебо, в резерве'), /* неточные даты */
    (1, 116, '1927-12-01', '1928-05-31', 'Сасебо'), /* неточные даты */
    (1, 116, '1935-12-01', '1936-06-30', 'Сасебо'), /* неточные даты */
    (0, 116, '1937-05-15', '1937-10-31', 'Куре, монтаж оборудования для управления кораблем целью Сетцу'), /* неточные даты */
    (0, 116, '1942-10-01', '1942-10-31', 'Куре'), /* неточные даты */
    (7, 116, '1943-03-06', '1943-03-06', 'Трук, столкновение с P34 (Сусуки)'),
    (0, 116, '1943-03-20', '1944-10-31', 'Куре'),
    (7, 116, '1945-07-18', '1945-07-18', 'в заливе Тоса, поврежден авиацией TF-38'),
    (6, 116, '1945-07-19',  null,        'Куре'),

    (6, 117, '1926-12-31', '1929-12-31', 'Сасебо, в резерве'),
    (1, 117, '1930-01-01', '1930-09-30', 'Сасебо'), /* неточные даты */
    (6, 117, '1931-05-01', '1934-12-31', 'Йокосука, в резерве'), /* неточные даты */
    (0, 117, '1938-06-01', '1939-01-31', 'Сасебо'), /* неточные даты */
    (0, 117, '1942-07-25', '1942-09-30', 'Рабаул, переклассифицирован в скоростной транспорт'), /* неточная дата окончания */

    (6, 118, '1926-12-31', '1929-11-20', 'Сасебо, в резерве'),
    (1, 118, '1929-12-01', '1929-12-31', 'Сасебо'), /* неточные даты */
    (0, 118, '1938-04-01', '1938-09-30', 'Сасебо'), /* неточные даты */
    (7, 118, '1942-06-04', '1942-06-05', 'участвовал в оккупации островов Атту и Кыска'),
    (1, 118, '1942-12-01', '1942-12-31', 'Сасебо'), /* неточные даты */
    (0, 118, '1943-07-01', '1943-07-31', 'Сингапур'), /* неточные даты */
    (7, 118, '1945-01-31', '1945-01-31', 'к северу от о. Формоза, поврежден авиацией'),
    (0, 118, '1945-02-15', '1945-08-15', 'Куре'), /* неточные даты */
    (7, 118, '1945-08-15', '1945-08-31', 'Сасебо, передан американцам, разоружен'), /* неточная дата окончания */

    (6, 119, '1926-12-31', '1929-12-31', 'Сасебо, в резерве'),
    (1, 119, '1930-01-01', '1930-09-30', 'Сасебо'), /* неточные даты */
    (6, 119, '1931-05-01', '1934-12-31', 'Йокосука, в резерве'), /* неточные даты */
    (0, 119, '1938-06-01', '1939-01-31', 'Сасебо'), /* неточные даты */
    (0, 119, '1942-07-25', '1942-07-31', 'Рабаул, переклассифицирован в скоростной транспорт'), /* неточная дата окончания */
    (7, 119, '1942-08-19', '1942-08-19', 'Шортленд, попадание бомбы'),
    (1, 119, '1942-08-25', '1942-09-15', 'Сингапур, с помощью ремонтной секции 101'), /* неточная дата окончания */
    (7, 119, '1942-10-24', '1942-10-24', 'около Гуадалканал, поврежден близкими разрывами бомб'),
    (7, 119, '1942-10-26', '1942-10-26', 'Гуадалканал, попадание бомбы'),
    (0, 119, '1942-11-15', '1942-12-31', 'Трук, с помощью ремонтной секции No 4'), /* неточные даты */
    (7, 119, '1943-08-02', '1943-08-02', 'Рабаул, попадание бомбы'),
    (0, 119, '1943-08-15', '1943-10-31', 'Трук, с помощью ремонтной секции No 4'), /* неточная дата окончания */
    (7, 119, '1943-12-07', '1943-12-07', 'около Кавиенга, столкновение с Амагири'),
    (7, 119, '1943-12-21', '1943-12-21', 'около атолла Трук, поврежден близкими разрывами бомб'),
    (1, 119, '1943-12-22', '1944-05-20', 'Трук'),
    (7, 119, '1944-02-17', '1944-02-17', 'Трук, поврежден близкими разрывами бомб'),

    (6, 120, '1926-12-31', '1929-11-20', 'Сасебо, в резерве'),
    (1, 120, '1929-12-01', '1929-12-31', 'Сасебо'), /* неточные даты */
    (0, 120, '1938-04-01', '1938-09-30', 'Сасебо'), /* неточные даты */
    (0, 120, '1943-08-01', '1943-10-31', 'Куре'), /* неточные даты */
    (0, 120, '1944-10-01', '1945-01-31', 'Куре'), /* неточные даты */
    (7, 120, '1945-08-15', '1945-08-31', 'Куре, передан американцам, разоружен'), /* неточная дата окончания */

    (6, 121, '1926-12-31', '1929-12-31', 'Сасебо, в резерве'),
    (1, 121, '1930-01-01', '1930-09-30', 'Сасебо'), /* неточные даты */
    (6, 121, '1931-05-01', '1934-12-31', 'Йокосука, в резерве'), /* неточные даты */
    (0, 121, '1938-06-01', '1939-01-31', 'Сасебо'), /* неточные даты */
    (0, 121, '1942-07-25', '1942-08-15', 'Рабаул, переклассифицирован в скоростной транспорт'), /* неточная дата окончания */
    (7, 121, '1942-12-26', '1942-12-26', 'Рабаул, попадание бомбы'),
    (0, 121, '1943-02-01', '1943-06-30', 'Сингапур, с помощью ремонтной секции 101'),

    (6, 122, '1926-12-31', '1929-12-31', 'Сасебо, в резерве'),
    (1, 122, '1930-01-01', '1930-09-30', 'Сасебо'), /* неточные даты */
    (6, 122, '1931-05-01', '1934-12-31', 'Йокосука, в резерве'), /* неточные даты */
    (0, 122, '1938-06-01', '1939-01-31', 'Сасебо'), /* неточные даты */
    (1, 122, '1942-09-01', '1942-09-30', 'Сасебо'), /* неточные даты */
    (7, 122, '1943-07-01', '1943-07-01', 'севернее Целебес, торпедирован SS-200 Thresher'),
    (1, 122, '1943-07-15', '1943-12-31', 'Сурабая, с помощью ремонтной секции 102'), /* неточные даты */

    (6, 123, '1926-12-31', '1929-11-20', 'Сасебо, в резерве'),
    (1, 123, '1929-12-01', '1929-12-31', 'Сасебо'), /* неточные даты */
    (0, 123, '1938-04-01', '1938-09-30', 'Сасебо'), /* неточные даты */
    (1, 123, '1941-04-01', '1941-10-31', 'Сасебо'), /* неточные даты */
    (0, 123, '1942-10-01', '1942-10-31', 'Сасебо'), /* неточные даты */
    (0, 123, '1944-04-01', '1944-04-30', 'Сасебо'), /* неточные даты */

    (6, 124, '1926-12-31', '1929-11-20', 'Сасебо, в резерве'),
    (1, 124, '1929-12-01', '1929-12-31', 'Сасебо'), /* неточные даты */
    (0, 124, '1938-04-01', '1938-09-30', 'Сасебо'), /* неточные даты */
    (1, 124, '1941-04-01', '1941-10-31', 'Сасебо'), /* неточные даты */
    (1, 124, '1942-12-01', '1942-12-31', 'Сасебо'), /* неточные даты */
    (7, 124, '1944-09-08', '1944-09-08', 'Охотское море, подорвался на мине выстаыленной SS-183 Seal'),
    (0, 124, '1944-08-20', '1945-03-31', 'Куре'), /* неточные даты */
    (7, 124, '1945-08-16', '1945-08-31', 'Сасебо, передан американцам, разоружен'), /* неточная дата окончания */

    (6, 125, '1926-12-31', '1929-11-20', 'Сасебо, в резерве'),
    (1, 125, '1929-12-01', '1929-12-31', 'Сасебо'), /* неточные даты */
    (0, 125, '1938-04-01', '1938-09-30', 'Сасебо'), /* неточные даты */
    (0, 125, '1942-10-01', '1942-10-31', 'Сасебо'), /* неточные даты */
    (0, 125, '1943-09-01', '1943-09-30', 'Сасебо, замена сонара тип 93 мод 1 на гидроаккустическую систему тип 3 мод 2'); /* неточные даты */

    
    
/* орудия ГК */
insert into ship_guns
    (ship_id, mount_id, amount, date_from, date_to)
    values
    (111, 0, 4, '1920-05-29', '1943-08-01'),
    (111, 0, 2, '1943-08-31', '1944-02-10'),

    (112, 0, 4, '1920-03-06', '1943-09-01'),
    (112, 0, 2, '1943-10-31', '1944-12-15'), /* No 1, No 2 */
    (112, 0, 2, '1945-01-31', '1945-08-31'), /* No 2 */

    (113, 0, 4, '1920-08-17', '1940-04-30'),
    (113, 0, 4, '1941-09-30', '1943-01-10'),

    (114, 0, 4, '1920-11-15', '1938-04-01'),
    (114, 0, 2, '1939-09-30', '1943-01-13'), /* No 1, No 3 */

    (115, 0, 4, '1921-09-30', '1938-04-01'),
    (115, 0, 2, '1939-09-30', '1945-08-31'), /* No 1, No 3 */

    (116, 0, 4, '1920-07-19', '1943-03-20'),

    (117, 0, 4, '1920-09-16', '1942-07-25'),
    (117, 0, 2, '1942-09-30', '1943-01-23'), /* No 1, No 3 */

    (118, 0, 4, '1921-07-29', '1945-02-15'),
    (118, 0, 1, '1945-08-15', '1945-08-31'), /* No 1 */

    (119, 0, 4, '1921-09-16', '1942-07-25'),
    (119, 0, 2, '1942-07-31', '1944-11-03'), /* No 1, No 3 */

    (120, 0, 4, '1921-08-24', '1943-08-01'),
    (120, 0, 2, '1943-10-31', '1945-08-31'), /* No 1, No 2 */

    (121, 0, 4, '1921-12-05', '1942-07-25'),
    (121, 0, 2, '1942-08-15', '1944-02-17'), /* No 1, No 3 */

    (122, 0, 4, '1921-12-22', '1944-07-06'),

    (123, 0, 4, '1922-03-31', '1942-10-01'),
    (123, 0, 2, '1942-10-31', '1945-02-20'), /* No 1, No 2 */

    (124, 0, 4, '1922-11-11', '1942-12-01'),
    (124, 0, 3, '1942-12-31', '1944-08-20'), /* No 1, No 2, No 3 */
    (124, 0, 1, '1945-03-31', '1945-08-31'), /* No 1 */

    (125, 0, 4, '1922-07-24', '1942-10-01'),
    (125, 0, 2, '1942-10-31', '1943-12-19'); /* No 1, No 2 */

    
    
/* ПВО */
insert into ship_guns
    (ship_id, mount_id, amount, date_from, date_to)
    values
    (111, 50, 2, '1920-05-29', '1940-04-15'),
    (111, 52, 2, '1941-10-31', '1944-02-10'),
    (111, 44, 4, '1943-08-31', '1944-02-10'),
    (111, 43, 2, '1943-08-31', '1944-02-10'),

    (112, 50, 2, '1920-03-06', '1940-04-15'),
    (112, 52, 2, '1941-10-31', '1945-08-31'),
    (112, 44, 3, '1943-10-31', '1945-08-31'),
    (112, 43, 4, '1943-10-31', '1945-08-31'),

    (113, 50, 2, '1920-08-17', '1940-04-30'),
    (113, 52, 2, '1941-09-30', '1943-01-10'),

    (114, 50, 2, '1920-11-15', '1938-04-01'),
    (114, 51, 2, '1939-09-30', '1943-01-13'),
    (114, 44, 4, '1939-09-30', '1941-10-01'),
    (114, 44, 2, '1941-11-30', '1943-01-13'),

    (115, 50, 2, '1921-09-30', '1938-04-01'),
    (115, 51, 2, '1939-09-30', '1945-08-31'),
    (115, 44, 4, '1939-09-30', '1941-10-01'),
    (115, 44, 2, '1941-11-30', '1944-02-01'),
    (115, 44, 4, '1944-02-29', '1945-08-31'),
    (115, 43, 4, '1944-02-29', '1944-08-01'),
    (115, 43, 8, '1944-08-31', '1945-08-31'),

    (116, 50, 2, '1920-07-19', '1937-05-15'),
    (116, 51, 2, '1937-10-31', '1942-10-01'),
    (116, 52, 2, '1942-10-31', '1945-08-31'),
    /* сигнальная 50мм Ямаучи с 10.1942 */
    (116, 43, 7, '1944-10-31', '1945-08-31'),

    (117, 50, 2, '1920-09-16', '1938-06-01'),
    (117, 52, 2, '1939-01-31', '1942-07-25'), /* неточные данные */
    (117, 44, 2, '1939-01-31', '1942-07-25'),
    (117, 44, 3, '1942-09-30', '1943-01-23'),

    (118, 50, 2, '1921-07-29', '1938-04-01'),
    (118, 52, 2, '1938-09-30', '1943-07-01'), /* неточные данные */
    (118, 44, 2, '1938-09-30', '1943-07-01'),
    (118, 44, 4, '1943-07-31', '1945-08-31'),
    (118, 43, 4, '1943-07-31', '1945-02-15'),
    (118, 43, 8, '1945-08-15', '1945-08-31'),

    (119, 50, 2, '1921-09-16', '1938-06-01'),
    (119, 52, 2, '1938-09-30', '1944-11-03'), /* неточные данные */
    (119, 44, 2, '1938-09-30', '1942-07-25'),
    (119, 44, 3, '1942-07-31', '1942-11-15'),
    (119, 44, 4, '1942-12-31', '1944-11-03'),

    (120, 50, 2, '1921-08-24', '1938-04-01'),
    (120, 44, 2, '1938-09-30', '1945-08-31'),
    (120, 45, 2, '1943-10-31', '1945-08-31'),
    (120, 51, 2, '1943-10-31', '1945-08-31'),

    (121, 50, 2, '1921-12-05', '1938-06-01'),
    (121, 52, 2, '1939-01-31', '1944-02-17'), /* неточные данные */
    (121, 44, 2, '1939-01-31', '1942-07-25'),
    (121, 44, 3, '1942-08-15', '1943-02-01'),
    (121, 44, 4, '1943-06-30', '1944-02-17'),
    (121, 42, 2, '1943-06-30', '1944-02-17'),

    (122, 50, 2, '1921-12-22', '1938-06-01'),
    (122, 52, 2, '1939-01-31', '1944-07-06'), /* неточные данные */
    (122, 44, 2, '1939-01-31', '1942-10-01'),

    (123, 50, 2, '1922-03-31', '1938-04-01'),
    (123, 52, 2, '1938-09-30', '1945-02-20'), /* неточные данные */
    (123, 44, 2, '1938-09-30', '1942-10-01'),
    (123, 44, 3, '1942-10-31', '1944-07-06'),
    (123, 51, 5, '1944-04-30', '1945-02-20'), /* неточная модель */
    (123, 45, 2, '1944-04-30', '1945-02-20'),

    (124, 50, 2, '1922-11-11', '1938-04-01'),
    (124, 52, 2, '1938-09-30', '1945-08-31'), /* неточная модель */
    (124, 44, 2, '1938-09-30', '1942-12-01'),
    (124, 44, 5, '1942-12-31', '1944-08-20'),
    (124, 44, 6, '1945-03-31', '1945-08-31'),
    (124, 51, 8, '1945-03-31', '1945-08-31'),

    (125, 50, 2, '1922-07-24', '1938-04-01'),
    (125, 52, 2, '1938-09-30', '1943-12-19'), /* неточная модель */
    (125, 44, 2, '1938-09-30', '1942-10-01'),
    (125, 44, 3, '1942-10-31', '1943-12-19');

    
    
/* НУРС */
insert into ship_guns
    (ship_id, mount_id, amount, date_from, date_to)
    values
    (112, 66, 1, '1945-01-31', '1945-08-31');
    
    
    
/* торпедные аппараты */
insert into ship_torpedo_tubes
    (ship_id, tube_id, amount, date_from, date_to)
    values
    (111, 1, 3, '1920-05-29', '1944-02-10'),

    (112, 1, 3, '1920-03-06', '1944-12-15'),

    (113, 1, 3, '1920-08-17', '1940-04-30'),
    (113, 1, 3, '1941-09-30', '1943-01-10'),

    (114, 1, 3, '1920-11-15', '1938-04-01'),
    (114, 1, 2, '1939-09-30', '1941-10-01'), /* средний */

    (115, 1, 3, '1921-09-30', '1938-04-01'),
    (115, 1, 3, '1939-09-30', '1941-10-01'), /* средний */

    (116, 1, 3, '1920-07-19', '1937-05-15'),

    (117, 1, 3, '1920-09-16', '1943-01-23'),

    (118, 1, 3, '1921-07-29', '1945-02-15'),
    /* с 08.1945 4 Кайтена тип 1 */

    (119, 1, 3, '1921-09-16', '1944-11-03'),

    (120, 1, 3, '1921-08-24', '1945-08-31'),
    /* по некоторым данным 12.1944 носовой был демонтирован */

    (121, 1, 3, '1921-12-05', '1944-02-17'),

    (122, 1, 3, '1921-12-22', '1944-07-06'),

    (123, 1, 3, '1922-03-31', '1942-10-01'),
    (123, 1, 1, '1942-10-31', '1945-02-20'), /* носовой */

    (124, 1, 3, '1922-11-11', '1942-12-01'),
    (124, 1, 1, '1942-12-31', '1945-08-31'), /* носовой */
    /* с 03.1945 2 Кайтена тип 1 */

    (125, 1, 3, '1922-07-24', '1942-10-01'),
    (125, 1, 1, '1942-10-01', '1943-12-19'); /* носовой */
        
        
        
/* радары */
insert into ship_searchers
    (ship_id, searcher_id, amount, date_from, date_to)
    values
    (112, 1, 1, '1945-01-31', '1945-08-31'), /* тип 22 мод 4 */
    (115, 2, 1, '1944-02-29', '1945-08-31'), /* тип 13 */
    (118, 2, 1, '1945-08-15', '1945-08-31'), /* тип 13 */
    (120, 2, 1, '1945-01-31', '1945-08-31'), /* тип 13 */
    (123, 2, 1, '1944-04-30', '1945-02-20'), /* тип 13 */
    (124, 2, 1, '1945-03-31', '1945-08-31'); /* тип 13 */
    
    
    
/* прожектора */
insert into ship_searchers
    (ship_id, searcher_id, amount, date_from, date_to)
    values
    (111, 37, 1, '1920-05-29', '1944-02-10'),
    (112, 37, 1, '1920-03-06', '1945-08-31'),
    (113, 37, 1, '1920-08-17', '1943-01-10'),
    (114, 37, 1, '1920-11-15', '1943-01-13'),
    (115, 37, 1, '1921-09-30', '1945-08-31'),
    (116, 37, 1, '1920-07-19', '1945-08-31'),
    (117, 37, 1, '1920-09-16', '1943-01-23'),
    (118, 37, 1, '1921-07-29', '1945-08-31'),
    (119, 37, 1, '1921-09-16', '1944-11-03'),
    (120, 37, 1, '1921-08-24', '1945-08-31'),
    (121, 37, 1, '1921-12-05', '1944-02-17'),
    (122, 37, 1, '1921-12-22', '1944-07-06'),
    (123, 37, 1, '1922-03-31', '1945-02-20'),
    (124, 37, 1, '1922-11-11', '1945-08-31'),
    (125, 37, 1, '1922-07-24', '1943-12-19');
        
    
    
/*
с 1937-1941:
    сонар тип 93 мод 1
    гидрофон тип 92

Минекадзе с 1943:
    сонар тип 93 мод 5
    гидрофон тип 92

Савакадзе с 09.1943, 
Сиокадзе с 07.1943 по 1945, 
Юкадзе с 09.1943, 
Нокадзе с 04.1944:
Нумакадзе с 09.1943
    гидроаккустическая система тип 3 мод 2
    гидрофон тип 92
*/



/*
Симакадзе и Надакадзе с 11.1941:
    2 14м баржи Дайхацу
*/
    
        
        
/* бомбосбрасыватели и бомбометы */
insert into ship_throwers
    (ship_id, throwers_id, amount, date_from, date_to)
    values
    (111, 3, 2, '1941-10-31', '1944-02-10'),
    (111, 0, 2, '1941-10-31', '1944-02-10'),

    (112, 3, 2, '1941-10-31', '1945-08-31'),
    (112, 0, 2, '1941-10-31', '1944-12-15'),

    (113, 3, 2, '1941-09-30', '1943-01-10'),
    (113, 0, 2, '1941-09-30', '1943-01-10'),

    (114, 3, 2, '1939-09-30', '1941-10-01'),
    (114, 0, 2, '1939-09-30', '1941-10-01'),

    (115, 3, 2, '1939-09-30', '1941-10-01'),
    (115, 0, 2, '1939-09-30', '1941-10-01'),

    (117, 3, 2, '1939-01-31', '1942-07-25'),
    (117, 0, 2, '1939-01-31', '1942-07-25'),

    (118, 3, 2, '1938-09-30', '1945-02-15'),
    (118, 0, 2, '1938-09-30', '1945-02-15'),

    (119, 3, 2, '1939-01-31', '1942-07-25'),
    (119, 0, 2, '1939-01-31', '1942-07-25'),

    (120, 3, 2, '1938-09-30', '1945-08-31'),
    (120, 0, 2, '1938-09-30', '1945-08-31'),

    (121, 3, 2, '1939-01-31', '1942-07-25'),
    (121, 0, 2, '1939-01-31', '1942-07-25'),

    (122, 3, 2, '1939-01-31', '1944-07-06'),
    (122, 0, 2, '1939-01-31', '1944-07-06'),

    (123, 3, 2, '1938-09-30', '1945-02-20'),
    (123, 0, 2, '1938-09-30', '1945-02-20'),

    (124, 3, 2, '1938-09-30', '1944-08-20'),
    (124, 0, 2, '1938-09-30', '1944-08-20'),
 
    (125, 3, 2, '1938-09-30', '1943-12-19'),
    (125, 0, 2, '1938-09-30', '1943-12-19');
 
 
