
/*
     90 - Моми  
     91 - Кая   
     92 - Наси  
     93 - Таке  
     94 - Каки  
     95 - Цуга  
     96 - Нире  
     97 - Кури  
     98 - Кику  
     99 - Аои   
    100 - Хаги  
    101 - Фудзи 
    102 - Сусуки
    103 - Хиси  
    104 - Хасу  
    105 - Вараби
    106 - Таде  
    107 - Сумире
    108 - Цута  
    109 - Аси   
    110 - Емоги 
*/


/* характеристики */
insert into general
    (ship_id, date_from, date_to, 
     displacement_standart, displacement_full, 
     length, width, draft,
     crew, speed_max, speed_cruise, range)
    values
    ( 90, '1919-12-27', '1937-01-01',   850, 1020,      86.3, 7.93, 2.45,     107, 35,    14, 4800),

    ( 91, '1920-03-28', '1940-02-01',   850, 1020,      86.3, 7.93, 2.45,     107, 35,    14, 4800),

    ( 92, '1919-12-10', '1940-02-01',   850, 1020,      86.3, 7.93, 2.45,     107, 35,    14, 4800),

    ( 93, '1919-12-25', '1937-01-01',   850, 1020,      86.3, 7.93, 2.45,     107, 35,    14, 4800),
    ( 93, '1940-02-01',  null,          755,  980,      86.3, 7.93, 2.45,     107, 15,     8, null),

    ( 94, '1920-08-02', '1939-12-01',   850, 1020,      86.3, 7.93, 2.45,     107, 35,    14, 4800),
    ( 94, '1939-12-31',  null,          755,  980,      86.3, 7.93, 2.45,     107, 15,     8, null),

    ( 95, '1920-06-20', '1945-01-15',   850, 1020,      86.3, 7.93, 2.45,     107, 35,    14, 4800),

    ( 96, '1920-03-31', '1939-12-01',   850, 1020,      86.3, 7.93, 2.45,     107, 35,    14, 4800),
    ( 96, '1939-12-31',  null,          755,  980,      86.3, 7.93, 2.45,     107, 15,     8, null),

    ( 97, '1920-04-30', '1945-10-08',   850, 1020,      86.3, 7.93, 2.45,     107, 35.2,  14, 4800),

    ( 98, '1920-12-10', '1939-08-01',   850, 1020,      86.3, 7.93, 2.45,     107, 35,    14, 4800),
    ( 98, '1940-03-31', '1944-03-30',   935, 1162,      86.3, 7.93, 2.45,     132, 18,    11, 6700),

    ( 99, '1920-12-10', '1939-08-01',   850, 1020,      86.3, 7.93, 2.45,     107, 35.15, 14, 4800),
    ( 99, '1940-03-31', '1941-12-23',   935, 1162,      86.3, 7.93, 2.45,     132, 18,    11, 6700),

    (100, '1921-04-20', '1939-10-20',   850, 1020,      86.3, 7.93, 2.45,     107, 35,    14, 4800),
    (100, '1940-07-31', '1941-12-23',   935, 1162,      86.3, 7.93, 2.45,     132, 18,    11, 6700),

    (101, '1921-05-31', '1939-01-01',   850, 1020,      86.3, 7.93, 2.45,     107, 35,    14, 4800),
    (101, '1939-12-31',  null,          935, 1162,      86.3, 7.93, 2.45,     132, 18,    11, 6700),

    (102, '1921-05-25', '1940-01-01',   850, 1020,      86.3, 7.93, 2.45,     107, 35,    14, 4800),
    (102, '1940-12-31', '1944-07-03',   932, 1165,      86.3, 7.93, 2.45,     132, 18,    11, 6700),

    (103, '1922-03-23', '1939-10-01',   850, 1020,      86.3, 7.93, 2.45,     107, 35,    14, 4800),
    (103, '1939-12-31', '1942-01-24',   935, 1165,      86.3, 7.93, 2.45,     132, 18,    11, 6700),

    (104, '1922-07-31',  null,          850, 1020,      86.3, 7.93, 2.45,     107, 35,    14, 4800),

    (105, '1921-12-19', '1927-08-24',   850, 1020,      86.3, 7.93, 2.45,     107, 35,    14, 4800),

    (106, '1922-07-31', '1939-09-01',   850, 1020,      86.3, 7.93, 2.45,     107, 35,    14, 4800),
    (106, '1939-12-31', '1943-04-23',   935, 1165,      86.3, 7.93, 2.45,     132, 18,    11, 6700),

    (107, '1922-03-31', '1939-12-01',   850, 1020,      86.3, 7.93, 2.45,     107, 35.1,  14, 4800),
    (107, '1940-09-30',  null,          755,  980,      86.3, 7.93, 2.45,     107, 15,     8, null),

    (108, '1921-06-30', '1938-09-18',   850, 1020,      86.3, 7.93, 2.45,     107, 35,    14, 4800),
    (108, '1939-12-31', '1943-09-02',   935, 1165,      86.3, 7.93, 2.45,     132, 18,    11, 6700),

    (109, '1921-10-29', '1940-01-01',   850, 1020,      86.3, 7.93, 2.45,     107, 35,    14, 4800),
    (109, '1940-09-30',  null,          755,  980,      86.3, 7.93, 2.45,     107, 15,     8, null),

    (110, '1922-08-19', '1939-09-01',   850, 1020,      86.3, 7.93, 2.45,     107, 35,    14, 4800),
    (110, '1939-12-31', '1944-11-25',   935, 1165,      86.3, 7.93, 2.45,     132, 18,    11, 6700);

 
    
/* модернизации */
insert into ship_event_list
    (class_id, ship_id, date_from, date_to, description)
    values
    (0,  90, '1924-11-10', '1928-12-02', 'Сасебо, в резерве'),
    (7,  90, '1932-04-01', '1932-04-01', 'исключен из списков флота'),
    (6,  90, '1932-04-01',  null,        'в резерве'),
    
    (0,  91, '1925-11-10', '1928-12-02', 'Сасебо, в резерве'),
    (6,  91, '1932-04-01',  null,        'в резерве'),
    (6,  91, '1932-04-15', '1936-11-30', 'Такао'), /* неточные даты */
    
    (0,  92, '1925-11-10', '1928-12-02', 'Сасебо, в резерве'),
    (6,  92, '1932-04-01', '1940-02-01', 'в резерве'),
    (6,  92, '1932-04-15', '1936-11-30', 'Такао'), /* неточные даты */
    
    (0,  93, '1925-11-10', '1928-11-12', 'Сасебо, в резерве'),
    (6,  93, '1932-04-01', '1936-11-30', 'в резерве'), /* неточные даты */
    (6,  93, '1932-04-15', '1936-11-30', 'Такао'), /* неточные даты */
    (0,  93, '1937-01-01', '1940-02-01', 'Майдзуру, переклассифицирован в тендер'), /* неточные даты */
    (7,  93, '1940-02-01', '1945-08-20', 'Майдзуру'),
    (7,  93, '1945-08-20', '1945-08-20', 'Майдзуру, передан американцам'),
    
    (0,  94, '1925-11-10', '1928-11-12', 'Сасебо, в резерве'),
    (6,  94, '1934-11-09', '1939-11-30', 'в резерве'), /* неточные даты */
    (6,  94, '1934-11-15', '1939-11-30', 'Такао'), /* неточные даты */
    (0,  94, '1939-12-01', '1939-12-31', 'Майдзуру, переклассифицирован в тендер'), /* неточные даты */
    (7,  94, '1939-12-31', '1945-01-31', 'Майдзуру'),
    (0,  94, '1945-02-01', '1945-02-23', 'Майдзуру, переклассифицирован во вспомогательный корабль Осу'),
    (7,  94, '1945-08-20', '1945-08-20', 'Майдзуру, передан американцам'),
    
    (0,  95, '1925-11-10', '1928-11-12', 'Сасебо, в резерве'),
    (6,  95, '1934-11-09', '1939-02-28', 'Майдзуру, в резерве'), /* неточная дата окончания */
    (0,  95, '1939-03-01', '1939-12-31', 'Майдзуру'), /* неточные даты */
    
    (0,  96, '1925-11-10', '1928-11-12', 'Сасебо, в резерве'),
    (6,  96, '1934-11-09', '1939-11-30', 'в резерве'), /* неточные даты */
    (6,  96, '1934-11-15', '1939-11-30', 'Такао'), /* неточные даты */
    (0,  96, '1939-12-01', '1939-12-31', 'Майдзуру, переклассифицирован в тендер'), /* неточные даты */
    (7,  96, '1939-12-31', '1945-12-01', 'Майдзуру'),
    (0,  96, '1944-12-01', '1944-12-15', 'Майдзуру, переклассифицирован в учебный корабль Томариура No 1'),
    (7,  96, '1945-08-17', '1945-08-17', 'Йокосука, передан американцам'),
    
    (0,  97, '1925-11-10', '1928-11-12', 'Сасебо, в резерве'),
    (6,  97, '1934-11-09', '1939-02-28', 'Майдзуру, в резерве'), /* неточная дата окончания */
    (0,  97, '1939-03-01', '1939-12-31', 'Майдзуру'), /* неточные даты */
    (7,  97, '1945-09-02', '1945-09-02', 'Цинкай, передан американцам'), /* неточные даты */
    (0,  97, '1945-09-02', '1945-09-10', 'разоружен'), /* неточные даты */
    
    (0,  98, '1924-11-10', '1928-11-12', 'Сасебо, в резерве'),
    (6,  98, '1935-12-01', '1939-05-31', 'Майдзуру, в резерве'), /* неточная дата окончания */
    (0,  98, '1939-08-01', '1940-03-31', 'Сасебо'), /* неточные даты */
    (7,  98, '1940-04-01', '1940-04-01', 'переклассифицирован в патрульный корабль PB-31'), /* неточные даты */
    (1,  98, '1943-04-24', '1943-05-21', 'Куре'),
    (0,  98, '1943-11-07', '1943-11-13', 'Инносима'),
    
    (0,  99, '1924-11-10', '1928-11-12', 'Сасебо, в резерве'),
    (6,  99, '1935-12-01', '1939-05-31', 'Майдзуру, в резерве'), /* неточная дата окончания */
    (7,  99, '1940-04-01', '1940-04-01', 'переклассифицирован в патрульный корабль PB-32'), /* неточные даты */
    (0,  99, '1939-08-01', '1940-03-31', 'Сасебо'), /* неточные даты */
    (5,  99, '1941-12-13', '1941-12-13', 'Уэйк'),

    (0, 100, '1925-12-20', '1928-10-31', 'Куре, в резерве'), /* неточная дата окончания */
    (0, 100, '1936-12-01', '1937-02-25', 'Майдзуру, в резерве'),
    (6, 100, '1938-09-18', '1939-09-30', 'Майдзуру, в резерве'), /* неточная дата окончания */
    (7, 100, '1940-04-01', '1940-04-01', 'переклассифицирован в патрульный корабль PB-33'), /* неточные даты */
    (0, 100, '1939-10-20', '1940-07-31', 'Майдзуру'), /* неточные даты */

    (0, 101, '1925-12-20', '1928-10-31', 'Куре, в резерве'), /* неточная дата окончания */
    (0, 101, '1936-12-01', '1937-02-25', 'Майдзуру, в резерве'),
    (6, 101, '1938-09-18', '1939-11-30', 'Майдзуру, в резерве'), /* неточная дата окончания */
    (0, 101, '1939-01-01', '1939-12-31', 'Майдзуру'), /* неточные даты */
    (7, 101, '1940-04-01', '1940-04-01', 'переклассифицирован в патрульный корабль PB-36'), /* неточные даты */
    (0, 101, '1941-01-01', '1941-11-20',  null), /* неточные даты */
    (0, 101, '1943-09-11', '1943-09-27', 'Сасебо'),
    (7, 101, '1944-05-17', '1944-05-17', 'Сурабая, поврежден авиацией HMS Illustrious, USS Saratoga'),
    (1, 101, '1944-05-21', '1944-12-08', 'Сурабая'),
    (7, 101, '1945-02-06', '1945-02-06', 'Тави-Тави, 10:08 атакован B-25, 12:25 атакован B-24'),
    (7, 101, '1945-02-07', '1945-02-07', 'Тави-Тави, 09:35, 14:18 атакован B-24'),
    (1, 101, '1945-02-24', '1945-04-30', 'Сурабая'), /* неточная дата окончания */
    (7, 101, '1945-08-20', '1945-08-20', 'передан голандцам'),

    (0, 102, '1925-12-20', '1928-10-31', 'Куре, в резерве'), /* неточная дата окончания */
    (0, 102, '1936-12-01', '1937-02-25', 'Майдзуру, в резерве'),
    (6, 102, '1938-09-18', '1939-11-30', 'Майдзуру, в резерве'), /* неточная дата окончания */
    (7, 102, '1939-12-01', '1939-12-31', 'переклассифицирован в патрульный корабль PB-34'), /* неточные даты */
    (0, 102, '1940-01-01', '1940-12-31', 'Куре'), /* неточные даты */
    (0, 102, '1941-07-26', '1941-10-28', 'Оминато'),
    (7, 102, '1943-03-06', '1943-03-06', 'Кавиенг, столкновение с Якадзе'),
    (1, 102, '1943-06-22', '1944-07-03', 'Трук'),
    
    (0, 103, '1925-11-10', '1928-11-12', 'Майдзуру, в резерве'), /* неточная дата начала */
    (6, 103, '1936-12-01', '1939-09-30', 'Сасебо, в резерве'), /* неточная дата окончания */
    (0, 103, '1939-10-01', '1939-12-31', 'Сасебо'), /* неточные даты */
    (7, 103, '1940-04-01', '1940-04-30', 'переклассифицирован в патрульный корабль PB-37'),
    (0, 103, '1941-01-01', '1941-11-20',  null), /* неточные даты */
    
    (0, 104, '1925-11-10', '1928-12-02', 'Сасебо, в резерве'),
    (6, 104, '1934-11-09', '1939-08-31', 'Цинкай, в резерве'), /* неточная дата окончания */
    (0, 104, '1940-01-01', '1940-06-30', 'Майдзуру'), /* неточные даты */
    (7, 104, '1943-04-11', '1943-04-11', 'столкновение'),
    (1, 104, '1943-04-12', '1943-05-08', 'Шанхай'),
    (1, 104, '1944-07-12', '1944-07-19', 'Шанхай'),
    (7, 104, '1944-09-03', '1944-09-03', 'Янцзы, подорвался на мине'),
    (1, 104, '1944-09-04', '1944-09-30', 'Шанхай'), /* неточные даты */
    (7, 104, '1945-01-16', '1945-01-16', 'Гонг-Конг, поврежден авиацией TF-38'),
    (1, 104, '1945-02-20', '1945-03-20', 'Шанхай'), /* неточная дата начала */
    
    (0, 106, '1925-11-10', '1928-12-02', 'Сасебо, в резерве'),
    (6, 106, '1934-11-09', '1939-08-31', 'Цинкай, в резерве'), /* неточная дата окончания */
    (0, 106, '1939-09-01', '1939-12-31', 'Майдзуру'), /* неточные даты */
    (7, 106, '1940-04-01', '1940-04-01', 'переклассифицирован в патрульный корабль PB-39'),
    (0, 106, '1941-01-01', '1941-11-20',  null), /* неточные даты */

    (0, 107, '1925-11-10', '1928-11-12', 'Майдзуру, в резерве'), /* неточная дата начала */
    (6, 107, '1936-12-01', '1939-11-30', 'Сасебо, в резерве'), /* неточная дата окончания */
    (7, 107, '1939-12-01', '1939-12-31', 'переклассифицирован в тендер'), /* неточные даты */
    (0, 107, '1939-12-01', '1940-09-30', 'Сасебо'), /* неточные даты */
    (7, 107, '1945-02-23', '1945-02-23', 'переклассифицирован в учебный корабль Митака, разоружен'),
    (7, 107, '1945-08-17', '1945-08-17', 'Куре, передан американцам'),

    (0, 108, '1925-12-20', '1928-11-12', 'Куре, в резерве'), /* неточная дата окончания */
    (0, 108, '1936-12-01', '1937-02-28', 'Майдзуру, в резерве'), /* неточная дата окончания */
    (0, 108, '1938-09-18', '1939-12-31', 'Майдзуру, в резерве'), /* неточная дата окончания */
    (7, 108, '1940-04-01', '1940-04-01', 'переклассифицирован в патрульный корабль PB-35'),
    (0, 108, '1941-07-26', '1941-10-13', 'Оминато'),
    (1, 108, '1942-03-14', '1942-03-16', 'Сингапур, с помощью Акаси'),

    (7, 109, '1927-08-24', '1927-08-24', 'залив Вакаса, столкновение с крейсером Нака'),
    (0, 109, '1927-08-25', '1928-06-15', 'Майдзуру'), /* неточная дата окончания */
    (6, 109, '1928-06-16', '1928-11-12', 'Майдзуру, а резерве'), /* неточная дата начала */
    (0, 109, '1936-12-01', '1939-11-30', 'Сасебо, в резерве'), /* неточная дата окончания */
    (7, 109, '1939-12-01', '1939-12-31', 'переклассифицирован в тендер'), /* неточные даты */
    (0, 109, '1940-01-01', '1940-09-30', 'Сасебо'), /* неточные даты */
    (7, 109, '1944-12-15', '1944-12-15', 'переклассифицирован в учебный корабль Томариура 2'),
    (7, 109, '1945-08-17', '1945-08-17', 'Йокосука, передан американцам'),

    (0, 110, '1925-11-10', '1928-11-12', 'Сасебо, в резерве'),
    (6, 110, '1934-11-09', '1939-08-31', 'Цинкай, в резерве'), /* неточная дата окончания */
    (0, 110, '1939-09-01', '1939-12-31',  null), /* неточные даты */
    (7, 110, '1940-04-01', '1940-04-01', 'переклассифицирован в патрульный корабль PB-38'),
    (0, 110, '1941-01-01', '1941-11-20', 'Сасебо'), /* неточные даты */
    (1, 110, '1944-03-01', '1944-03-08', 'Сасебо'),
    (1, 110, '1944-05-23', '1944-06-02', 'Сасебо'),
    (1, 110, '1944-09-30', '1944-10-13', 'Сасебо');

    
    
/* орудия ГК */
insert into ship_guns
    (ship_id, mount_id, amount, date_from, date_to)
    values
    ( 90, 0, 3, '1919-12-27', '1937-01-01'),
    ( 91, 0, 3, '1920-03-28', '1940-02-01'),
    ( 92, 0, 3, '1919-12-10', '1940-02-01'),

    ( 93, 0, 3, '1919-12-25', '1937-01-01'),
    ( 93, 0, 2, '1940-02-01',  null), /* неточные данные */

    ( 94, 0, 3, '1920-08-02', '1939-12-01'),
    ( 94, 0, 3, '1939-12-31',  null), /* неточные данные */

    ( 95, 0, 3, '1920-06-20', '1939-03-01'),
    ( 95, 0, 2, '1939-12-31', '1945-01-15'),

    ( 96, 0, 3, '1920-03-31', '1939-12-01'),
    ( 96, 0, 2, '1939-12-31',  null), /* неточные данные */

    ( 97, 0, 3, '1920-04-30', '1939-03-01'),
    ( 97, 0, 2, '1939-12-31', '1945-09-02'),

    ( 98, 0, 3, '1920-12-10', '1939-08-01'),
    ( 98, 0, 2, '1940-03-31', '1944-03-30'), /* No 1, No 2 */

    ( 99, 0, 3, '1920-12-10', '1939-08-01'),
    ( 99, 0, 2, '1940-03-31', '1941-12-23'), /* No 1, No 2 */

    (100, 0, 3, '1921-04-20', '1939-10-20'),
    (100, 0, 2, '1940-07-31', '1941-12-23'), /* No 1, No 2 */

    (101, 0, 3, '1921-05-31', '1939-01-01'),
    (101, 0, 2, '1939-12-31',  null), /* No 1, No 2 */

    (102, 0, 3, '1921-05-25', '1940-01-01'),
    (102, 0, 2, '1940-12-31', '1944-07-03'), /* No 1, No 2 */

    (103, 0, 3, '1922-03-23', '1939-10-01'),
    (103, 0, 2, '1939-12-31', '1942-01-24'), /* No 1, No 2 */

    (104, 0, 3, '1922-07-31',  null),

    (105, 0, 3, '1921-12-19', '1927-08-24'),

    (106, 0, 3, '1922-07-31', '1939-09-01'),
    (106, 0, 2, '1939-12-31', '1943-04-23'), /* No 1, No 2 */

    (107, 0, 3, '1922-03-31', '1939-12-01'),
    (107, 0, 2, '1940-09-30', '1945-02-23'), /* No 1, No 2 */

    (108, 0, 3, '1921-06-30', '1938-09-18'),
    (108, 0, 2, '1939-12-31', '1943-09-02'), /* No 1, No 2 */

    (109, 0, 3, '1921-10-29', '1940-01-01'),
    (109, 0, 2, '1940-09-30',  null), /* No 1, No 2 */

    (110, 0, 3, '1922-08-19', '1939-09-01'),
    (110, 0, 2, '1939-12-31', '1944-11-25'); /* No 1, No 2 */

    
    
/* ПВО */
insert into ship_guns
    (ship_id, mount_id, amount, date_from, date_to)
    values
    ( 90, 50, 3, '1919-12-27', '1924-11-10'),
    ( 90, 50, 2, '1928-12-02', '1937-01-01'),

    ( 91, 50, 3, '1920-03-28', '1925-11-10'),
    ( 91, 50, 2, '1928-12-02', '1940-02-01'),

    ( 92, 50, 3, '1919-12-10', '1925-11-10'),
    ( 92, 50, 2, '1928-12-02', '1940-02-01'),

    ( 93, 50, 3, '1919-12-25', '1925-11-10'),
    ( 93, 50, 2, '1928-11-12', '1937-01-01'),
    ( 93, 44, 2, '1940-02-01',  null), /* неточные данные */

    ( 94, 50, 3, '1920-08-02', '1925-11-10'),
    ( 94, 50, 2, '1928-11-12', '1939-12-01'),
    ( 94, 44, 2, '1939-12-31',  null), /* неточные данные */

    ( 95, 50, 3, '1920-06-20', '1925-11-10'),
    ( 95, 50, 2, '1928-11-12', '1939-03-01'),
    ( 95, 44, 2, '1939-12-31', '1945-01-15'),

    ( 96, 50, 3, '1920-03-31', '1925-11-10'),
    ( 96, 50, 2, '1928-11-12', '1939-12-01'),
    ( 96, 44, 2, '1939-12-31',  null), /* неточные данные */

    ( 97, 50, 3, '1920-04-30', '1925-11-10'),
    ( 97, 50, 2, '1928-11-12', '1939-03-01'),
    ( 97, 44, 2, '1939-12-31', '1945-09-02'),

    ( 98, 50, 3, '1920-12-10', '1924-11-10'),
    ( 98, 50, 2, '1928-11-12', '1939-08-01'),
    ( 98, 44, 3, '1940-03-31', '1944-03-30'),
    ( 98, 43, 1, '1943-11-13', '1944-03-30'), /* неточная дата начала */

    ( 99, 50, 3, '1920-12-10', '1924-11-10'),
    ( 99, 50, 2, '1928-11-12', '1939-08-01'),
    ( 99, 44, 3, '1940-03-31', '1941-12-23'),

    (100, 50, 3, '1921-04-20', '1925-12-20'),
    (100, 50, 2, '1928-10-31', '1936-12-01'),
    (100, 49, 2, '1937-02-25', '1939-10-20'),
    (100, 44, 3, '1940-07-31', '1941-12-23'),

    (101, 50, 3, '1921-05-31', '1925-12-20'),
    (101, 50, 2, '1928-10-31', '1936-12-01'),
    (101, 49, 2, '1937-02-25', '1939-01-01'),
    (101, 44, 2, '1939-12-31', '1941-01-01'),
    (101, 44, 3, '1941-11-20',  null),
    (101, 43, 5, '1943-09-27',  null),

    (102, 50, 3, '1921-05-25', '1925-12-20'),
    (102, 50, 2, '1928-10-31', '1936-12-01'),
    (102, 49, 2, '1937-02-25', '1940-01-01'),
    (102, 44, 2, '1940-12-31', '1941-07-26'),
    (102, 44, 3, '1941-10-28', '1944-07-03'),

    (103, 50, 3, '1922-03-23', '1925-11-10'),
    (103, 50, 2, '1928-11-12', '1939-10-01'),
    (103, 44, 2, '1939-12-31', '1941-01-01'),
    (103, 44, 3, '1941-11-20', '1942-01-24'),

    (104, 50, 3, '1922-07-31', '1925-11-10'),
    (104, 50, 2, '1928-12-02', '1940-01-01'),
    (104, 44, 2, '1940-06-30',  null),

    (105, 50, 3, '1921-12-19', '1927-08-24'),

    (106, 50, 3, '1922-07-31', '1925-11-10'),
    (106, 50, 2, '1928-12-02', '1939-09-01'),
    (106, 44, 2, '1939-12-31', '1941-01-01'),
    (106, 44, 3, '1941-11-20', '1943-04-23'),

    (107, 50, 3, '1922-03-31', '1925-11-10'),
    (107, 50, 2, '1928-11-12', '1939-12-01'),
    (107, 44, 2, '1940-09-30', '1945-02-23'),

    (108, 50, 3, '1921-06-30', '1925-12-20'),
    (108, 50, 2, '1928-11-12', '1936-12-01'),
    (108, 49, 2, '1937-02-28', '1938-09-18'),
    (108, 44, 2, '1939-12-31', '1941-07-26'),
    (108, 44, 3, '1941-10-13', '1943-09-02'),

    (109, 50, 3, '1921-10-29', '1927-08-25'),
    (109, 50, 2, '1928-06-15', '1940-01-01'),
    (109, 44, 2, '1940-09-30',  null),

    (110, 50, 3, '1922-08-19', '1925-11-10'),
    (110, 50, 2, '1928-11-12', '1939-09-01'),
    (110, 44, 2, '1939-12-31', '1941-01-01'),
    (110, 44, 3, '1941-11-20', '1944-11-25');
    
    
    
/* торпедные аппараты */
insert into ship_torpedo_tubes
    (ship_id, tube_id, amount, date_from, date_to)
    values
    ( 90, 1, 2, '1919-12-27', '1937-01-01'),
    ( 91, 1, 2, '1920-03-28', '1940-02-01'),
    ( 92, 1, 2, '1919-12-10', '1940-02-01'),
    ( 93, 1, 2, '1919-12-25', '1937-01-01'),
    ( 94, 1, 2, '1920-08-02', '1939-12-01'),
    ( 95, 1, 2, '1920-06-20', '1939-03-01'),
    ( 95, 1, 1, '1939-12-31', '1945-01-15'),
    ( 96, 1, 2, '1920-03-31', '1939-12-01'),
    ( 97, 1, 2, '1920-04-30', '1939-03-01'),
    ( 97, 1, 1, '1939-03-01', '1945-09-02'),
    ( 98, 1, 2, '1920-12-10', '1939-08-01'), /* по данным Альпакова кормовой сохранили */
    ( 99, 1, 2, '1920-12-10', '1939-08-01'), /* по данным Альпакова кормовой сохранили */
    (100, 1, 2, '1921-04-20', '1939-10-20'), /* по данным Альпакова кормовой сохранили */
    (101, 1, 2, '1921-05-31', '1939-01-01'), /* по данным Альпакова кормовой сохранили */
    (102, 1, 2, '1921-05-25', '1940-01-01'), /* по данным Альпакова кормовой сохранили */
    (103, 1, 2, '1922-03-23', '1939-10-01'), /* по данным Альпакова кормовой сохранили */
    (104, 1, 2, '1922-07-31',  null),
    (105, 1, 2, '1921-12-19', '1927-08-24'),
    (106, 1, 2, '1922-07-31', '1939-09-01'), /* по данным Альпакова кормовой сохранили */
    (107, 1, 2, '1922-03-31', '1939-12-01'), /* по данным Альпакова кормовой сохранили */
    (108, 1, 2, '1921-06-30', '1940-04-01'), /* по данным Альпакова кормовой сохранили */
    (109, 1, 2, '1921-10-29', '1940-01-01'), /* по данным Альпакова кормовой сохранили */
    (110, 1, 2, '1922-08-19', '1939-09-01'); /* по данным Альпакова кормовой сохранили */
    
    
    
/* прожектора */
insert into ship_searchers
    (ship_id, searcher_id, amount, date_from, date_to)
    values
    ( 90, 37, 1, '1919-12-27', '1937-01-01'),
    ( 91, 37, 1, '1920-03-28', '1940-02-01'),
    ( 92, 37, 1, '1919-12-10', '1940-02-01'),
    ( 93, 37, 1, '1919-12-25', '1937-01-01'),
    ( 94, 37, 1, '1920-08-02', '1939-12-01'),
    ( 95, 37, 1, '1920-06-20', '1945-01-15'),
    ( 96, 37, 1, '1920-03-31',  null),
    ( 97, 37, 1, '1920-04-30', '1945-09-02'),
    ( 98, 37, 1, '1920-12-10', '1944-03-30'),
    ( 99, 37, 1, '1920-12-10', '1941-12-23'),
    (100, 37, 1, '1921-04-20', '1941-12-23'),
    (101, 37, 1, '1921-05-31',  null),
    (102, 37, 1, '1921-05-25', '1944-07-03'),
    (103, 37, 1, '1922-03-23', '1942-01-24'),
    (104, 37, 1, '1922-07-31',  null),
    (105, 37, 1, '1921-12-19', '1927-08-24'),
    (106, 37, 1, '1922-07-31', '1943-04-23'),
    (107, 37, 1, '1922-03-31',  null),
    (108, 37, 1, '1921-06-30', '1943-09-02'),
    (109, 37, 1, '1921-10-29',  null),
    (110, 37, 1, '1922-08-19', '1944-11-25');
 
 
    
/*
с 1939-1940:
    сонар тип 93 мод 5
    гидрофон тип 93
*/



/*
Фудзи с 11.1941,
Сусуки с 10.1941,
Хиси с 11.1941, 
Таде с 11.1941,
Цута с 10.1941,
Емоги с 10.1941:
    14м десантная баржа Дайхацу
*/
    
        
        
/* бомбосбрасыватели и бомбометы */
insert into ship_throwers
    (ship_id, throwers_id, amount, date_from, date_to)
    values
    ( 93, 3, 2, '1940-02-01',  null), /* неточные данные */
    ( 93, 0, 1, '1940-02-01',  null), /* неточные данные */

    ( 94, 3, 2, '1939-12-31',  null), /* неточные данные */
    ( 94, 0, 1, '1939-12-31',  null), /* неточные данные */

    ( 95, 3, 2, '1939-12-31', '1945-01-15'),

    ( 96, 3, 2, '1939-12-31',  null), /* неточные данные */
    ( 96, 0, 1, '1939-12-31',  null), /* неточные данные */

    ( 97, 3, 2, '1939-03-01', '1945-09-02'),

    ( 98, 3, 2, '1940-03-31', '1944-03-30'),
    ( 98, 0, 1, '1940-03-31', '1944-03-30'),

    ( 99, 3, 2, '1940-03-31', '1941-12-23'),
    ( 99, 0, 1, '1940-03-31', '1941-12-23'),

    (100, 3, 2, '1940-07-31', '1941-12-23'),
    (100, 0, 1, '1940-07-31', '1941-12-23'),

    (101, 3, 2, '1939-12-31', '1941-01-01'),
    (101, 0, 1, '1939-12-31', '1941-01-01'),
    (101, 0, 2, '1941-11-20',  null),

    (102, 3, 2, '1940-12-31', '1941-07-26'),
    (102, 0, 1, '1940-12-31', '1941-07-26'),
    (102, 0, 2, '1941-10-28', '1944-07-03'),

    (103, 3, 2, '1939-12-31', '1941-01-01'),
    (103, 0, 1, '1939-12-31', '1941-01-01'),
    (103, 0, 2, '1941-11-20', '1942-01-24'),

    (104, 3, 2, '1940-06-30',  null),

    (106, 3, 2, '1939-12-31', '1943-04-23'),
    (106, 0, 1, '1939-12-31', '1943-04-23'),

    (107, 3, 2, '1940-09-30', '1945-02-23'),
    (107, 0, 1, '1940-09-30', '1945-02-23'),

    (108, 3, 2, '1939-12-31', '1941-07-26'),
    (108, 0, 1, '1939-12-31', '1941-07-26'),
    (108, 0, 2, '1941-10-13', '1943-09-02'),

    (109, 3, 2, '1940-09-30',  null),
    (109, 0, 1, '1940-09-30',  null),

    (110, 3, 2, '1939-12-31', '1941-01-01'),
    (110, 0, 1, '1939-12-31', '1941-01-01'),
    (110, 0, 2, '1941-11-20', '1944-11-25');


