
/*
    516 - Тидори   
    517 - Минадзуру
    518 - Томодзуру
    519 - Хацукари 
*/


/* характеристики */
insert into general
    (ship_id, date_from, date_to, 
     displacement_standart, displacement_full, 
     length, width, draft,
     crew, speed_max, speed_cruise, range)
    values
    (516, '1933-11-20', '1934-03-18',   544, 750,   79, 8.1, 2.38,  113, 30,    14, 5600),
    (516, '1934-12-31', '1944-12-21',   610, 828,   79, 8.1, 2.38,  120, 28,    14, 3000),
    
    (517, '1934-01-31', '1934-03-18',   544, 750,   79, 8.1, 2.38,  113, 30,    14, 5600),
    (517, '1934-12-31', '1945-03-01',   610, 828,   79, 8.1, 2.38,  120, 28,    14, 3000),

    (518, '1934-02-24', '1934-03-14',   544, 750,   79, 8.1, 2.38,  113, 30.2,  14, 5600),
    (518, '1934-12-31', '1945-03-24',   610, 828,   79, 8.1, 2.38,  120, 27.9,  14, 3000),

    (519, '1934-07-15',  null,          610, 828,   79, 8.1, 2.38,  120, 28,    14, 3000);
 
 
    
/* модернизации */
insert into ship_event_list
    (class_id, ship_id, date_from, date_to, description)
    values
    (0, 516, '1934-03-18', '1934-12-31', 'Сасебо, повышение остойчивости'), /* неточная дата окончания */
    (7, 516, '1942-10-01', '1942-10-15', 'переклассифицирован в патрульный корабль PB-18'), /* неточные даты */
    (0, 516, '1942-10-15', '1943-01-31', 'Майдзуру'), /* неточные даты */
    (1, 516, '1943-05-04', '1943-05-18', 'Майдзуру'),
    (1, 516, '1944-03-22', '1944-04-06', 'Йокосука'),
    (1, 516, '1944-08-15', '1944-08-25', 'Йокосука'),

    (0, 517, '1934-03-18', '1934-12-31', 'Сасебо, повышение остойчивости'), /* неточные даты */
    (1, 517, '1942-02-12', '1942-02-22', 'Давао'),
    (1, 517, '1942-02-23', '1942-02-25', 'Баликпапан'),
    (1, 517, '1942-07-02', '1942-07-09', 'Куре'),
    (0, 517, '1943-03-16', '1943-04-02', 'Майдзуру'), /* по данным Альпакова с конца февраля по 20.04 в Сурабае */
    (1, 517, '1944-02-19', '1944-02-29', 'Сасебо'), /* неточная дата окончания */
    (1, 517, '1944-03-21', '1944-03-31', 'Сасебо'), /* неточная дата окончания */
    (0, 517, '1944-12-05', '1944-12-31', 'Сасебо'), /* неточная дата окончания */ /* по данным Альпакова в Сингапуре */

    (7, 518, '1934-03-12', '1934-03-12', 'инцидент Томодзуру: перевернулся в точке 33°55'' с.ш. 129°30'' в.д.'),
    (0, 518, '1934-03-14', '1934-12-31', 'Сасебо, повышение остойчивости'), /* неточная дата окончания */
    (1, 518, '1942-08-05', '1942-08-10', 'Сурабая'),
    (1, 518, '1942-08-21', '1942-08-29', 'Сингапур'),
    (7, 518, '1943-01-06', '1943-01-06', 'у острова Кай, поврежден авиацией'), /* по данным Альпакова 09.01 море Тимор */
    (1, 518, '1943-01-07', '1943-01-12', 'Амбон'),
    (1, 518, '1943-01-29', '1943-02-06', 'Сурабая, с помощью ремонтной секции 102'), /* по данным Альпакова с 13.01.1943 по 04.1943 */
    (0, 518, '1943-03-01', '1943-04-30',  null), /* неточные данные */
    (1, 518, '1943-09-12', '1943-09-23', 'Мако'),
    (1, 518, '1944-02-11', '1944-02-26', 'Сасебо'),
    (1, 518, '1944-05-22', '1944-05-31', 'Сасебо'),
    (0, 518, '1944-09-01', '1944-09-30', 'Манила, с помощью ремонтной секции 103'),

    (1, 519, '1942-07-13', '1942-07-31', 'Сингапур'), /* неточная дата окончания */
    (0, 519, '1943-03-27', '1943-04-10', 'Гонг-Конг'), /* по данным Альпакова с 02.1943 по 04.1943 в Сурабае, с помощью ремонтной секции 102 */
    (1, 519, '1943-09-04', '1943-09-09', 'Гонг-Конг'),
    (7, 519, '1943-11-01', '1943-11-01', 'торпедирован SS-304 Seahorse'),
    (1, 519, '1943-11-05', '1943-12-15', 'Сасебо'), /* неточная дата окончания */
    (7, 519, '1943-12-27', '1943-12-27', 'наскочил на рифы в проливе Формоза'),
    (1, 519, '1943-12-29', '1944-01-08', 'Мако'),
    (7, 519, '1944-02-05', '1944-02-05', 'Гонг-Конг, поврежден авиацией'),
    (1, 519, '1944-02-07', '1944-02-10', 'Гонг-Конг'),
    (7, 519, '1944-06-12', '1944-06-12', 'Такао, поврежден близкими разрывами бомб, выведен из строя эхолот'),
    (7, 519, '1944-11-07', '1944-11-07', 'у острова Сейшу, подорвался на мине'),
    (0, 519, '1944-11-07', '1944-12-22', 'Гонг-Конг'),
    (7, 519, '1945-08-25', '1945-08-25', 'Гонг-Конг, передан американцам');

    
    
/* орудия ГК */
insert into ship_guns
    (ship_id, mount_id, amount, date_from, date_to)
    values
    (516, 2, 1, '1933-11-20', '1934-03-18'),
    (516, 5, 1, '1933-11-20', '1934-03-18'),
    (516, 0, 3, '1934-12-31', '1942-10-15'),
    (516, 0, 2, '1943-01-31', '1944-12-21'), /* No 1, No 2 */

    (517, 2, 1, '1934-01-31', '1934-03-18'),
    (517, 5, 1, '1934-01-31', '1934-03-18'),
    (517, 0, 3, '1934-12-31', '1943-03-16'),
    (517, 0, 2, '1943-04-02', '1945-03-01'), /* No 1, No 2 */

    (518, 2, 1, '1934-02-24', '1934-03-14'),
    (518, 5, 1, '1934-02-24', '1934-03-14'),
    (518, 0, 3, '1934-12-31', '1943-03-01'),
    (518, 0, 2, '1943-04-30', '1945-03-24'), /* No 1, No 2 */

    (519, 0, 3, '1934-07-15', '1943-03-27'), /* неточная дата окончания */
    (519, 0, 2, '1943-04-10',  null); /* No 1, No 2 */ /* неточная дата начала */
        
        
        
/* ПВО */
insert into ship_guns
    (ship_id, mount_id, amount, date_from, date_to)
    values
    (516, 51, 1, '1933-11-20', '1942-10-15'),
    (516, 45, 2, '1943-01-31', '1944-12-21'),
    (516, 43, 4, '1943-01-31', '1944-12-21'),

    (517, 51, 1, '1934-01-31', '1943-03-16'),
    (517, 45, 2, '1943-04-02', '1945-03-01'),
    (517, 43, 4, '1943-04-02', '1944-12-05'),
    (517, 43, 6, '1944-12-31', '1945-03-01'),

    (518, 51, 1, '1934-02-24', '1943-03-01'),
    (518, 45, 2, '1943-04-30', '1945-03-24'),
    (518, 43, 4, '1943-04-30', '1944-09-01'),
    (518, 43, 8, '1944-09-30', '1945-03-24'),

    (519, 51, 1, '1934-07-15', '1943-03-27'), /* неточная дата окончания */
    (519, 45, 2, '1943-04-10',  null),        /* неточная дата начала */
    (519, 43, 4, '1943-04-10', '1944-11-07'), /* неточная дата начала */
    (519, 43, 6, '1944-12-22',  null);        /* неточная дата начала */
    
    
    
/* торпедные аппараты */
insert into ship_torpedo_tubes
    (ship_id, tube_id, amount, date_from, date_to)
    values
    (516, 1, 2, '1933-11-20', '1934-03-18'),
    (516, 1, 1, '1934-12-31', '1944-12-21'),

    (517, 1, 2, '1934-01-31', '1934-03-18'),
    (517, 1, 1, '1934-12-31', '1945-03-01'),
    
    (518, 1, 2, '1934-02-24', '1934-03-14'),
    (518, 1, 1, '1934-12-31', '1945-03-24'),

    (519, 1, 1, '1934-07-15',  null);
    
    
    
/* прожектора */
insert into ship_searchers
    (ship_id, searcher_id, amount, date_from, date_to)
    values
    (516, 36, 1, '1933-11-20', '1944-12-21'),
    (517, 36, 1, '1934-01-31', '1945-03-01'),
    (518, 36, 1, '1934-02-24', '1945-03-24'),
    (519, 36, 1, '1934-07-15',  null);
        

    
/* 
с 1934:
    гидрофон тип 93
    сонар тип 93 мод 5
*/
        
        
        
/* бомбометы */
insert into ship_throwers
    (ship_id, throwers_id, amount, date_from, date_to)
    values
    (516, 0, 1, '1934-12-31', '1942-10-15'),
    (516, 0, 3, '1943-01-31', '1944-12-21'),
    (516, 3, 2, '1943-01-31', '1944-12-21'),

    (517, 0, 1, '1934-12-31', '1943-03-16'),
    (517, 0, 3, '1943-04-02', '1945-03-01'),
    (517, 3, 2, '1943-04-02', '1945-03-01'),

    (518, 0, 1, '1934-12-31', '1943-03-01'),
    (518, 0, 3, '1943-04-30', '1945-03-24'),
    (518, 3, 2, '1943-04-30', '1945-03-24'),

    (519, 0, 1, '1934-07-15', '1943-03-27'), /* неточная дата окончания */
    (519, 0, 3, '1943-04-10',  null), /* неточная дата начала */
    (519, 3, 2, '1943-04-10',  null); /* неточная дата начала */
    

