
/*
    274 - Микура  
    275 - Мияке   
    276 - Авадзи  
    277 - Курахаси
    278 - Номи    
    279 - Тибури  
    280 - Ясиро   
    281 - Кусагаки
*/


/* характеристики */
insert into general
    (ship_id, date_from, date_to, 
     displacement_standart, displacement_full, 
     length, width, draft,
     crew, speed_max, speed_cruise, range)
    values
    (274, '1943-10-30', '1945-03-28',   940, 1004,  78.8, 9.1, 3.05,   150, 19.7,  16, 8000),
    (275, '1943-11-30',  null,          940, 1004,  78.8, 9.1, 3.05,   150, 19.7,  16, 8000),
    (276, '1944-02-15', '1944-06-02',   940, 1004,  78.8, 9.1, 3.05,   150, 19.7,  16, 8000),
    (277, '1944-03-10',  null,          940, 1004,  78.8, 9.1, 3.05,   150, 19.7,  16, 8000),
    (278, '1944-03-15', '1945-04-14',   940, 1004,  78.8, 9.1, 3.05,   150, 19.7,  16, 8000),
    (279, '1944-03-13', '1945-03-12',   940, 1004,  78.8, 9.1, 3.05,   150, 19.7,  16, 8000),
    (280, '1944-06-06',  null,          940, 1004,  78.8, 9.1, 3.05,   150, 19.7,  16, 8000),
    (281, '1944-07-01', '1944-08-07',   940, 1004,  78.8, 9.1, 3.05,   150, 19.7,  16, 8000);
 
 
    
/* модернизации */
insert into ship_event_list
    (class_id, ship_id, date_from, date_to, description)
    values
    (1, 274, '1944-02-01', '1944-02-11', 'Йокосука'), /* неточная дата начала */
    (1, 274, '1944-08-03', '1944-08-08', 'Сасебо'),
    (7, 274, '1944-09-20', '1944-09-20', 'поврежден B-24'),
    (1, 274, '1944-09-25', '1944-11-04', 'Мако'),
    (0, 274, '1944-11-13', '1944-11-30', 'Сасебо'), /* неточная дата окончания */
    (1, 274, '1945-01-18', '1945-01-23', 'Сасебо'),

    (0, 275, '1944-08-05', '1944-08-20', 'Куре'),
    (1, 275, '1944-12-04', '1944-12-12', 'Сасебо'),
    (7, 275, '1945-02-12', '1945-02-12', '19°08'' с.ш. 118°15'' в.д., попадание бомбы (вероятно B-24)'),
    (1, 275, '1945-02-12', '1945-02-13',  null),
    (1, 275, '1945-03-04', '1945-04-09', 'Куре'),
    (1, 275, '1945-06-20', '1945-08-01', 'Сасебо'),
    (7, 275, '1945-08-21', '1945-08-21', 'Муцуре-Дзима, подорвался на мине'),
    (1, 275, '1945-08-21', '1945-08-22', 'Модзи'),

    (1, 276, '1944-04-07', '1944-04-10', 'Сингапур'), /* неточная дата окончания */
    (1, 276, '1944-05-23', '1944-05-29', 'Сасебо'),

    (1, 277, '1944-04-08', '1944-04-13', 'Сасебо'),
    (0, 277, '1944-06-09', '1944-06-22', 'Сасебо'),
    (1, 277, '1945-01-24', '1945-01-29', 'Гонг-Конг'),
    (1, 277, '1945-02-13', '1945-03-05', 'Сасебо'),

    (0, 278, '1944-10-02', '1944-10-22', 'Оминато'),
    (7, 278, '1945-01-03', '1945-01-03', 'поврежден'),
    (1, 278, '1945-01-07', '1945-01-10', 'Такао'),
    (7, 278, '1945-02-11', '1945-02-11', '01°27'' с.ш. 104°30'' в.д., подорвался на мине'),
    (7, 278, '1945-02-24', '1945-02-24', '4 мили к югу острова Ваншан, поврежден авиацией'),
    (1, 278, '1945-02-25', '1945-02-26', 'Гонг-Конг'),
    (1, 278, '1945-03-09', '1945-04-09', 'Куре'),

    (1, 279, '1944-06-27', '1944-07-01', 'Инносима'), /* неточная дата окончания */
    (0, 279, '1944-08-16', '1944-08-23', 'Сасебо'),
    (1, 279, '1944-12-25', '1945-01-03', 'Сингапур'),

    (1, 280, '1944-09-14', '1944-09-14', 'у острова Формоза, 22°42'' с.ш. 120°12'' в.д., подорвался на магнитной мине'),
    (1, 280, '1944-09-20', '1944-09-30', 'Такао'), /* неточная дата начала */
    (1, 280, '1944-11-02', '1944-11-10', 'Пусан'), /* неточная дата окончания */
    (1, 280, '1945-01-08', '1945-01-13', 'Цзоин'),
    (1, 280, '1945-01-19', '1945-01-19', 'поврежден авиацией'),
    (1, 280, '1945-01-30', '1945-02-19', 'Куре'),
    (1, 280, '1945-03-29', '1945-03-31', 'Сасебо'); /* неточная дата окончания */

    
    
/* орудия ГК */
insert into ship_guns
    (ship_id, mount_id, amount, date_from, date_to)
    values
    (274, 8, 1, '1943-10-30', '1945-03-28'),
    (274, 9, 1, '1943-10-30', '1945-03-28'),

    (275, 8, 1, '1943-11-30',  null),
    (275, 9, 1, '1943-11-30',  null),

    (276, 8, 1, '1944-02-15', '1944-06-02'),
    (276, 9, 1, '1944-02-15', '1944-06-02'),

    (277, 8, 1, '1944-03-10',  null),
    (277, 9, 1, '1944-03-10',  null),

    (278, 8, 1, '1944-03-15', '1945-04-14'),
    (278, 9, 1, '1944-03-15', '1945-04-14'),

    (279, 8, 1, '1944-03-13', '1945-03-12'),
    (279, 9, 1, '1944-03-13', '1945-03-12'),

    (280, 8, 1, '1944-06-06',  null),
    (280, 9, 1, '1944-06-06',  null),

    (281, 8, 1, '1944-07-01', '1944-08-07'),
    (281, 9, 1, '1944-07-01', '1944-08-07');
        
        
        
/* ПВО */
insert into ship_guns
    (ship_id, mount_id, amount, date_from, date_to)
    values
    (274, 44, 2, '1943-10-30', '1945-03-28'),
    (274, 45, 3, '1944-11-30', '1945-03-28'), /* неточная дата начала */

    (275, 44, 2, '1943-11-30',  null),
    (275, 45, 3, '1944-08-20',  null),
    (275, 52, 3, '1944-08-20',  null),
    (275, 51, 2, '1944-08-20',  null), /* неточное количество */

    (276, 44, 2, '1944-02-15', '1944-06-02'),

    (277, 44, 2, '1944-03-10',  null),
    (277, 45, 3, '1944-06-22',  null), /* неточные данные */

    (278, 44, 2, '1944-03-15', '1945-04-14'),
    (278, 45, 3, '1944-10-02', '1945-04-14'), /* неточные данные */

    (279, 44, 2, '1944-03-13', '1945-03-12'),
    (279, 45, 3, '1944-08-23', '1945-03-12'), /* неточные данные */

    (280, 44, 2, '1944-06-06',  null),
    (281, 44, 2, '1944-07-01', '1944-08-07');
        
        
        
/* радары */
insert into ship_searchers
    (ship_id, searcher_id, amount, date_from, date_to)
    values
    (274, 1, 1, '1943-10-30', '1945-03-28'),

    (275, 1, 1, '1943-11-30',  null),
    (275, 2, 1, '1944-08-20',  null),

    (276, 1, 1, '1944-02-15', '1944-06-02'),

    (277, 1, 1, '1944-03-10',  null),

    (278, 1, 1, '1944-03-15', '1945-04-14'),

    (279, 1, 1, '1944-03-13', '1945-03-12'),

    (280, 1, 1, '1944-06-06',  null),

    (281, 1, 1, '1944-07-01', '1944-08-07');
    
    
    
/* прожектора */
/* неточные данные */
insert into ship_searchers
    (ship_id, searcher_id, amount, date_from, date_to)
    values
    (274, 32, 1, '1943-10-30', '1945-03-28'),
    (275, 32, 1, '1943-11-30',  null),
    (276, 32, 1, '1944-02-15', '1944-06-02'),
    (277, 32, 1, '1944-03-10',  null),
    (278, 32, 1, '1944-03-15', '1945-04-14'),
    (279, 32, 1, '1944-03-13', '1945-03-12'),
    (280, 32, 1, '1944-06-06',  null),
    (281, 32, 1, '1944-07-01', '1944-08-07');
        
    
    
/*
    сонар тип 93
    гидрофон тип 93
*/
    
        
        
/* бомбометы */
insert into ship_throwers
    (ship_id, throwers_id, amount, date_from, date_to)
    values
    (274, 0, 2, '1943-10-30', '1944-11-13'), /* неточная дата окончания */
    (274, 0, 3, '1944-11-30', '1945-03-28'), /* неточная дата начала */

    (275, 0, 2, '1943-11-30',  null),
    (276, 0, 2, '1944-02-15', '1944-06-02'),
    (277, 0, 2, '1944-03-10',  null),
    (278, 0, 2, '1944-03-15', '1945-04-14'),
    (279, 0, 2, '1944-03-13', '1945-03-12'),
    (280, 0, 2, '1944-06-06',  null),
    (281, 0, 2, '1944-07-01', '1944-08-07');
    

